fid,ID Monumento,Tipo,X,Y,km autopista,km tren,Clase de monumento,Monumentos superiores,Ubicación de intervención,Intervención en ceros,Intervención en DDV,Fecha inicio intervención,Fecha fin intervención,ID Arqueólogo(s),Área de monumento (m2),Cuadros intervenidos,Área intervenida (m2),Total bolsas de material,Estatus de intervención,Tipo de intervención,ID Enlace,Tipo de dictaminación,Supervisión de maquinaria,Tramo,Minuta,ENTREGA,Geomalla,DANI,COMPRO_FECH_FIN,MON SUP RESPUESTAS,subtramo,Reti,Rezago,icon_url
"1",T4_04812,Terraza,3847028.403,1042514.766,N/A,7014+877,Monumento principal,Sin monumento superior,Ceros tren,Si,No aplica,2022/05/26,2022/05/30,"409",50,1,4,"1",Intervenido,Excavado,"21023,21040","2",Pendiente,T4,,JUNIO,N/A,,,,1. Izamal,Sin reticula,"2",
"2",T4_04808,Cimiento,3847040.941,1042581.239,N/A,7014+822,Monumento superior,Asociado a monumento principal T4_10359,Ceros tren,Si,No aplica,2022/06/07,2022/06/07,"409",,,,,Intervenido,Excavado,"21023","2",Pendiente,T4,EXC-T4-0008,,N/A,,,,1. Izamal,Sin reticula,"0",
"3",T4_12491,Cimiento,3847057.969,1042538.662,N/A,7014+868,Monumento principal,Sin monumento superior,Ceros tren,Si,No aplica,,,"409",,,,,Intervenido,Excavado,"21023","2",Pendiente,T4,EXC-T4-0008,,N/A,,,,1. Izamal,Sin reticula,"5",
"4",T4_12488,Terraza,3847046.779,1042574.101,N/A,7014+831,Monumento principal,Sin monumento superior,Ceros tren,Si,No aplica,,,"409",,,,,Intervenido,Excavado,"21023","2",Pendiente,T4,EXC-T4-0008,,N/A,,,,1. Izamal,Sin reticula,"5",
"5",T4_14184,Cimiento,3847046.346,1042540.893,N/A,7014+861,Monumento principal,Sin monumento superior,Ceros tren,Si,No aplica,,,"409",,,,,Intervenido,Excavado,"21023","2",Pendiente,T4,EXC-T4-0008,,N/A,,,,1. Izamal,Sin reticula,"5",
"6",T4_04948,Nivelación,3848571.308,1039203.115,N/A,7018+546,Monumento principal,Sin monumento superior,Ceros tren,Si,No aplica,2022/05/02,2022/05/02,"402",,,,,En proceso,En proceso,"21023,21040","2",Afectación,T4,,,N/A,,,,1. Izamal,Sin reticula,"3",
"7",T4_04966,Cimiento con núcleo,3848228.589,1040087.054,N/A,7017+597,Monumento principal,Sin monumento superior,Ceros tren,Si,No aplica,2022/06/01,2022/06/03,"421",48,2,8,"0",Intervenido,Excavado,"21023","2",Pendiente,T4,EXC-T4-0008,,N/A,,,,1. Izamal,Sin reticula,"0",
"8",T4_15024,Cimiento con núcleo,3848562.359,1039513.085,N/A,7018+262,Monumento principal,Sin monumento superior,Ceros tren,Si,No aplica,,,"410",,,,,Intervenido,Excavado,"21023","2",Pendiente,T4,,,N/A,,,,1. Izamal,Sin reticula,"5",
"9",T4_04969,Nivelación,3848134.06,1040284.814,N/A,7017+377,Monumento principal,T4_04967,Ceros tren,Si,No aplica,2022/06/06,2022/06/09,"408",,1,,"2",Intervenido,Excavado,"21023","2",Pendiente,T4,EXC-T4-0008,,N/A,,,,1. Izamal,Sin reticula,"0",
"10",T4_04967,Cimiento,3848126.988,1040278.565,N/A,7017+380,Monumento superior,Asociado a monumento principal T4_04969,Ceros tren,Si,No aplica,,,"408",,,,,Intervenido,Excavado,"21023","2",Pendiente,T4,EXC-T4-0008,,N/A,,,,1. Izamal,Sin reticula,"5",
"11",T4_16021,Terraza,3848142.972,1040280.812,N/A,7017+385,Monumento principal,Sin monumento superior,Ceros tren,Si,No aplica,2022/06/03,2022/06/09,"408",,3,,"2",Intervenido,Excavado,"21023","2",Pendiente,T4,EXC-T4-0008,,N/A,,,,1. Izamal,Sin reticula,"0",
"12",T4_04980,Nivelación,3847794.108,1040929.567,N/A,7016+645,Monumento principal,Sin monumento superior,Ceros tren,Si,No aplica,2022/06/02,2022/06/07,"401",238,5,20,"0",Intervenido,Excavado,"21023","2",Pendiente,T4,EXC-T4-0008,,N/A,,,"T4_15038,T4_16029",1. Izamal,Sin reticula,"0",
"13",T4_15013,Cimiento con núcleo,3848687.313,1039040.555,N/A,7018+744,Monumento principal,Sin monumento superior,Ceros tren,Si,No aplica,2022/05/02,2022/05/02,"402",,,,,Intervenido,Excavado,"21023,21040","2",Afectación,T4,EXC-T4-0008,,N/A,,,,1. Izamal,Sin reticula,"3",
"14",T4_04987,Nivelación,3847710.706,1041157.684,N/A,7016+403,Monumento principal,Sin monumento superior,Ceros tren,Si,No aplica,2022/06/06,2022/06/14,"404",323.75,2,8,"1",Intervenido,Excavado,"21023","2",Pendiente,T4,EXC-T4-0008,,N/A,,,T4_16075,1. Izamal,Sin reticula,"0",
"15",T4_14183,Haltun,3847033.027,1042555.65,N/A,7014+842,Monumento principal,Sin monumento superior,Ceros tren,Si,No aplica,,,"409",,,,,Intervenido,Excavado,"21023","2",Pendiente,T4,EXC-T4-0008,,N/A,,,,1. Izamal,Sin reticula,"5",
"16",T4_04539,Basamento,4028950.449,1075131.888,263+520,7208+899,Monumento principal,Sin monumento superior,Derecho de vía Autopista,No aplica,Si,2022/05/18,,"418",225,39,128,"55",En proceso,En proceso,"21023","2",Pendiente,T4,,,N/A,,,,4. Leona Vicario,Sin reticula,"2",
"17",T4_12327,Basamento,4028787.632,1074961.637,263+281,7208+660,Monumento principal,Sin monumento superior,Derecho de vía Autopista,No aplica,Si,2022/06/10,,"415",182,11,24,"12",En proceso,En proceso,"21023","2",Pendiente,T4,,,N/A,,,,4. Leona Vicario,Sin reticula,"0",
"18",T4_04548,Nivelación,4028773.971,1074995.515,263+288,7208+667,Monumento principal,Sin monumento superior,Derecho de vía Autopista,No aplica,Si,,,,,,,,Intervenido,En proceso,"21023","2",Pendiente,T4,,,N/A,,,,4. Leona Vicario,Sin reticula,"5",
"19",T4_01125,Basamento,4029002.818,1075166.989,263+584,7208+963,Monumento principal,Sin monumento superior,Derecho de vía Autopista,No aplica,Si,2022/05/24,,"416",400,8,12,"11",Intervenido,Excavado,"21023","2",Pendiente,T4,,,N/A,,"0",,4. Leona Vicario,Sin reticula,"2",
"20",T4_15012,Cimiento,3848711.589,1039060.535,N/A,7018+737,Monumento superior,Asociado al monumento principal T4_04944,Ceros tren,Si,No aplica,2022/06/07,,"407",,0,,"0",En proceso,En proceso,"21023","2",Pendiente,T4,,,N/A,,,Asociado al monumento principal T4_04944,1. Izamal,Sin reticula,"0",
"21",T4_04951,Nivelación,3848604.32,1039282.179,N/A,7018+489,Monumento superior,Sin monumento superior,Ceros tren,Si,No aplica,,,"410",,,,,En proceso,En proceso,"21023","2",Pendiente,T4,,,N/A,,,,1. Izamal,Sin reticula,"5",
"22",T4_04944,Nivelación,3848704.052,1039052.09,N/A,7018+741,Monumento principal,"T4_16009,T4_15012",Ceros tren,Si,No aplica,2022/06/07,,"407",0,0,0,"0",En proceso,En proceso,"21023","2",Pendiente,T4,,,N/A,,,"T4_04943,T4_15012,T4_16009,T4_04945",1. Izamal,Sin reticula,"0",
"23",T4_16009,Cimiento,3848713.956,1039047.887,N/A,7018+749,Monumento superior,Asociado al monumento principal T4_04944,Ceros tren,Si,No aplica,2022/06/07,,"407",,0,,"0",En proceso,En proceso,"21023","2",Pendiente,T4,,,N/A,DANI,,Asociado al monumento principal T4_04944,1. Izamal,Sin reticula,"0",
"24",T4_04880,Albarrada,3849445.581,1037834.108,N/A,7020+186,Monumento principal,Sin monumento superior,Ceros tren,Si,No aplica,2022/06/03,2022/06/07,"410",,,,,Intervenido,Excavado,"21023","2",Pendiente,T4,EXC-T4-0008,,N/A,DANI,,,1. Izamal,Sin reticula,"0",
"25",T4_04879,Cimiento con pretil,3849432.443,1037832.889,N/A,7020+177,Monumento principal,Sin monumento superior,Ceros tren,Si,No aplica,2022/06/03,2022/06/07,"410",,,,,Intervenido,Excavado,"21023","2",Pendiente,T4,EXC-T4-0008,,N/A,DANI,,,1. Izamal,Sin reticula,"0",
"26",T4_04946,Nivelación,3848667.664,1039166.234,N/A,7018+622,Monumento principal,T4_16011,Ceros tren,Si,No aplica,,,"402",,,,,En proceso,En proceso,"21023","2",Pendiente,T4,,,N/A,DANI,,,1. Izamal,Sin reticula,"5",
"27",T4_15019,Cimiento,3848578.603,1039282.274,N/A,7018+478,Monumento principal,Sin monumento superior,Ceros tren,Si,No aplica,,,"410",,,,,Intervenido,Excavado,"21023","2",Pendiente,T4,EXC-T4-0008,,N/A,DANI,,,1. Izamal,Sin reticula,"5",
"28",T4_15028,Cimiento con núcleo,3848424.531,1039651.671,N/A,7018+077,Monumento principal,Sin monumento superior,Ceros tren,Si,No aplica,2022/06/13,2022/06/15,"407",,1,,"0",Intervenido,Excavado,"21023","2",Pendiente,T4,EXC-T4-0008,,N/A,DANI,,No aplica,1. Izamal,Sin reticula,"0",
"29",T4_16014,Cimiento con núcleo,3848594.825,1039291.878,N/A,7018+476,Monumento principal,Sin monumento superior,Ceros tren,Si,No aplica,,,"410",,,,,Intervenido,Excavado,"21023","2",Pendiente,T4,EXC-T4-0008,,N/A,DANI,,,1. Izamal,Sin reticula,"5",
"30",T4_10241,Basamento,4028735.486,1074914.863,263+210,7208+589,Monumento principal,Sin monumento superior,Derecho de vía Autopista,No aplica,Si,2022/06/02,,"420",306,16,40,"11",En proceso,En proceso,"21023,21040","2",Pendiente,T4,,,N/A,,,"T4_12328, T4_04549",4. Leona Vicario,Sin reticula,"0",
"31",T4_02005,Cimiento con núcleo,3907658.152,1034383.676,133+867,7079+246,Monumento principal,Sin monumento superior,Derecho de vía tren,No aplica,Si,,,,,,,,Intervenido,Excavado,"21023,21040","2",Pendiente,T4,,JUNIO_2,N/A,,,,2. Valladolid,Sin reticula,"5",
"32",T4_10363,Cimiento con núcleo,3847027.586,1042525.169,N/A,7014+867,Monumento principal,Sin monumento superior,Ceros tren,Si,No aplica,,,,,,,,Intervenido,Excavado,"21023,21040","2",Pendiente,T4,,,Si,DANI,,,1. Izamal,Sin reticula,"5",
"33",T3_13549,Cimiento con núcleo,3845928.731,1044889.687,N/A,7012+248,Monumento superior,Asociado al monumento principal T3_12702,Ceros tren,Si,No aplica,2022/04/29,2022/05/04,"409",47.5,1,4,"1",Intervenido,Excavado,"21023,21040","2",Pendiente,T4,,JUNIO,N/A,DANI,,,1. Izamal,Sin reticula,"4",
"34",T3_13551,Cimiento con núcleo,3845910.971,1044899.519,N/A,7012+232,Monumento superior,Asociado al monumento principal T3_12702,Ceros tren,Si,No aplica,2022/04/04,2022/05/05,"409",60,1,4,"1",Intervenido,Excavado,"21023,21040","2",Pendiente,T4,,JUNIO,N/A,DANI,,,1. Izamal,Sin reticula,"4",
"35",T3_12703,Cimiento compuesto,3845914.588,1044885.896,N/A,7012+246,Monumento superior,Asociado al monumento principal T3_12702,Ceros tren,Si,No aplica,2022/04/28,2022/05/02,"409",65,1,4,"2",Intervenido,Excavado,"21023,21040","2",Pendiente,T4,,JUNIO,N/A,DANI,,,1. Izamal,Sin reticula,"4",
"36",T3_13550,Cimiento con núcleo,3845928.533,1044900.122,N/A,7012+239,Monumento superior,Asociado al monumento principal T3_12702,Ceros tren,Si,No aplica,,,,,,,,Intervenido,Excavado,"21023,21040","2",Pendiente,T4,,,N/A,DANI,,,1. Izamal,Sin reticula,"5",
"37",T3_13548,Terraza,3845921.569,1044897.351,N/A,7012+238,Monumento superior,Asociado al monumento principal T3_12702,Ceros tren,Si,No aplica,,,,,,,,Intervenido,Excavado,"21023,21040","2",Pendiente,T4,,,N/A,DANI,,,1. Izamal,Sin reticula,"5",
"38",T4_10449,Montículo Chich,3847045.61,1042481.045,N/A,7014+915,Monumento principal,Sin monumento superior,Ceros tren,Si,No aplica,2022/05/16,2022/05/17,"409",36,1,4,"0",Intervenido,Excavado,"21023,21040","2",Pendiente,T4,,JUNIO,N/A,DANI,,,1. Izamal,Sin reticula,"2",
"39",T4_04915,Cimiento,3848953.022,1038534.521,N/A,7019+318,Monumento principal,Sin monumento superior,Ceros tren,Si,No aplica,2022/06/02,2022/06/03,"407",16,4,16,"1",Intervenido,Excavado,"21023,21040","2",Pendiente,T4,EXC-T4-0008,JUNIO,Si,DANI,,,1. Izamal,Sin reticula,"0",
"40",T4_04920,Cimiento con núcleo,3848783.153,1038892.91,N/A,7018+919,Monumento principal,Sin monumento superior,Ceros tren,Si,No aplica,2022/05/27,2022/06/01,"407",37.62,1,4,"0",Intervenido,Excavado,"21023,21040","2",Pendiente,T4,EXC-T4-0008,JUNIO,Si,DANI,,,1. Izamal,Sin reticula,"2",
"41",T4_04921,Terraza,3848780.465,1038894.42,N/A,7018+917,Monumento principal,Sin monumento superior,Ceros tren,Si,No aplica,,,"407",,,,,Intervenido,Excavado,"21023,21040","2",Pendiente,T4,EXC-T4-0008,,Si,DANI,,,1. Izamal,Sin reticula,"5",
"42",T4_04993,Cimiento,3847655.583,1041242.807,N/A,7016+301,Monumento principal,Sin monumento superior,Ceros tren,Si,No aplica,,,"405",,,,,Intervenido,Excavado,"21023,21040","2",Pendiente,T4,EXC-T4-0008,,N/A,DANI,,,1. Izamal,Sin reticula,"5",
"43",T4_04992,Cimiento con núcleo,3847648.294,1041236.784,N/A,7016+304,Monumento principal,Sin monumento superior,Ceros tren,Si,No aplica,2022/05/30,2022/06/13,"405",10.85,1,4,"1",Intervenido,Excavado,"21023,21040","2",Pendiente,T4,EXC-T4-0008,,N/A,DANI,,No aplica,1. Izamal,Sin reticula,"2",
"44",T4_12438,Cimiento con núcleo,3892646.331,1031922.669,118+719,7064+098,Monumento principal,Sin monumento superior,Estación Chichen,No aplica,Si,,,,,,,,Intervenido,Excavado,"21023,21040","2",Pendiente,T4,,,N/A,,,,1. Izamal,Sin reticula,"5",
"45",T4_12484,Cimiento con núcleo,3847003.595,1042672.295,N/A,7014+723,Monumento principal,Sin monumento superior,Ceros tren,Si,No aplica,2022/05/25,2022/05/27,"408",60,2,8,"2",Intervenido,Excavado,"21023,21040","2",Pendiente,T4,EXC-T4-0008,,N/A,DANI,,,1. Izamal,Sin reticula,"2",
"46",T4_04811,Cimiento con pretil,3847052.899,1042550.117,N/A,7014+855,Monumento principal,Sin monumento superior,Ceros tren,Si,No aplica,,,"409",,,,,Intervenido,Excavado,"21023,21040","2",Pendiente,T4,EXC-T4-0008,,Si,DANI,,,1. Izamal,Sin reticula,"5",
"47",T4_04810,Cimiento con núcleo,3847047.275,1042565.283,N/A,7014+839,Monumento principal,Sin monumento superior,Ceros tren,Si,No aplica,,,"409",,,,,Intervenido,Excavado,"21023,21040","2",Pendiente,T4,EXC-T4-0008,,N/A,DANI,,,1. Izamal,Sin reticula,"5",
"48",T4_12489,Terraza,3847038.817,1042568.497,N/A,7014+833,Monumento principal,Sin monumento superior,Ceros tren,Si,No aplica,,,"409",,,,,Intervenido,Excavado,"21023,21040","2",Pendiente,T4,EXC-T4-0008,,N/A,DANI,,,1. Izamal,Sin reticula,"5",
"49",T4_10362,Albarrada,3847059.337,1042553.267,N/A,7014+855,Monumento principal,Sin monumento superior,Ceros tren,Si,No aplica,,,"409",,,,,Intervenido,Excavado,"21023,21040","2",Pendiente,T4,EXC-T4-0008,,Si,DANI,,,1. Izamal,Sin reticula,"5",
"50",T4_10360,Cimiento,3847027.601,1042571.116,N/A,7014+826,Monumento principal,Sin monumento superior,Ceros tren,Si,No aplica,,,"409",,,,,Intervenido,Excavado,"21023,21040","2",Pendiente,T4,EXC-T4-0008,,N/A,DANI,,,1. Izamal,Sin reticula,"5",
"51",T4_10359,Nivelación,3847044.526,1042585.96,N/A,7014+819,Monumento principal,Sin monumento superior,Ceros tren,Si,No aplica,2022/05/24,2022/05/26,"409",80,2,8,"2",Intervenido,Excavado,"21023,21040","2",Pendiente,T4,EXC-T4-0008,,N/A,DANI,,,1. Izamal,Sin reticula,"2",
"52",T4_10358,Cimiento,3847035.04,1042595.92,N/A,7014+806,Monumento principal,Sin monumento superior,Ceros tren,Si,No aplica,2022/05/26,2022/05/27,"409",32,1,4,"1",Intervenido,Excavado,"21023,21040","2",Pendiente,T4,EXC-T4-0008,,N/A,DANI,,,1. Izamal,Sin reticula,"2",
"53",T4_04822,Cimiento con núcleo,3932857.807,1036752.557,159+236,7104+615,Monumento superior,Asociado al monumento principal T4_04821,,,,,,,,,,,Intervenido,Excavado,"21023,21040","2",Pendiente,T4,,,N/A,,,,2. Valladolid,Sin reticula,"5",
"54",T4_10361,Cimiento,3847027.024,1042567.263,N/A,7014+829,Monumento superior,Sin monumento superior,Ceros tren,Si,No aplica,,,"409",,,,,Intervenido,Excavado,"21023,21040","2",Pendiente,T4,EXC-T4-0008,,N/A,DANI,,,1. Izamal,Sin reticula,"5",
"55",T4_16035,Montículo Chich,3847294.873,1041999.328,N/A,7015+460,Monumento principal,Sin monumento superior,Ceros tren,Si,No aplica,2022/05/20,2022/05/26,"404,405",3.5,1,4,"0",Intervenido,Excavado,"21023","2",Pendiente,T4,EXC-T4-0008,JUNIO,Si,DANI,"0","0",1. Izamal,Sin reticula,"2",
"56",T4_10438,Cimiento con núcleo,3847285.345,1042006.802,N/A,7015+449,Monumento principal,Sin monumento superior,Ceros tren,Si,No aplica,2022/05/20,2022/05/26,"404,405",35,1,4,"1",Intervenido,Excavado,"21023","2",Pendiente,T4,EXC-T4-0008,JUNIO,Si,DANI,"0","0",1. Izamal,Sin reticula,"2",
"57",T4_10437,Nivelación,3847270.06,1042012.681,N/A,7015+437,Monumento superior,Asociado al monumento principal T4_15043,Ceros tren,Si,No aplica,,,"404,405",,,,,Intervenido,Excavado,"21023","2",Pendiente,T4,EXC-T4-0008,,Si,DANI,,,1. Izamal,Sin reticula,"5",
"58",T4_15043,Terraza,3847273.576,1042008.94,N/A,7015+442,Monumento principal,"T4_10437,T4_16034",Ceros tren,Si,No aplica,,,"404",,,,,Intervenido,Excavado,"21023","2",Pendiente,T4,EXC-T4-0008,,N/A,DANI,,,1. Izamal,Sin reticula,"5",
"59",T4_15042,Montículo Chich,3847291.858,1041994.01,N/A,7015+463,Monumento principal,Sin monumento superior,Ceros tren,Si,No aplica,2022/05/23,,"404",12,9,36,"7",Intervenido,Excavado,"21023","2",Pendiente,T4,EXC-T4-0008,,Si,DANI,"0",,1. Izamal,Sin reticula,"2",
"60",T4_16037,Cimiento con núcleo,3847213.006,1042190.677,N/A,7015+251,Monumento principal,Sin monumento superior,Ceros tren,Si,No aplica,2022/05/23,2022/05/24,"404,405",30,1,4,"0",Intervenido,Excavado,"21023","2",Pendiente,T4,EXC-T4-0008,JUNIO,N/A,DANI,"0",No aplica,1. Izamal,Sin reticula,"2",
"61",T4_10440,Cimiento con núcleo,3847229.285,1042195.649,N/A,7015+253,Monumento principal,Sin monumento superior,Ceros tren,Si,No aplica,2022/05/23,2022/05/24,"404,405",35.75,1,4,"1",Intervenido,Excavado,"21023","2",Pendiente,T4,EXC-T4-0008,,N/A,DANI,"0",No aplica,1. Izamal,Sin reticula,"2",
"62",T4_16043,Terraza,3847089.922,1042433.382,N/A,7014+977,Monumento superior,Sin monumento superior,Ceros tren,Si,No aplica,2022/05/24,,"402",48,6,24,"5",Intervenido,Excavado,"21023","2",Pendiente,T4,EXC-T4-0008,,N/A,DANI,,,1. Izamal,Sin reticula,"2",
"63",T4_10453,Cimiento con núcleo,3847103.936,1042425.379,N/A,7014+991,Monumento principal,Sin monumento superior,Ceros tren,Si,No aplica,2022/05/20,,"402",24,6,24,"5",Intervenido,Excavado,"21023","2",Pendiente,T4,EXC-T4-0008,JUNIO_2,N/A,DANI,"0",,1. Izamal,Sin reticula,"2",
"64",T4_10452,Terraza,3847077.591,1042426.596,N/A,7014+978,Monumento principal,Sin monumento superior,Ceros tren,Si,No aplica,2022/05/27,2022/05/27,"402",24,0,0,,Intervenido,Excavado,"21023","2",Pendiente,T4,EXC-T4-0008,,N/A,DANI,,,1. Izamal,Sin reticula,"2",
"65",T4_15051,Cimiento con núcleo,3847097.72,1042433.303,N/A,7014+981,Monumento principal,Sin monumento superior,Ceros tren,Si,No aplica,2022/05/20,,"402",12,4,16,"4",Intervenido,Excavado,"21023","2",Pendiente,T4,EXC-T4-0008,JUNIO_2,N/A,DANI,"0",,1. Izamal,Sin reticula,"2",
"66",T4_15052,Terraza,3847146.366,1042423.736,N/A,7015+010,Monumento principal,"T4_15056,T4_16044",Ceros tren,Si,No aplica,2022/05/23,2022/05/26,"404",20,1,4,"0",Intervenido,Excavado,"21023","2",Pendiente,T4,,JUNIO,N/A,DANI,"0",Asociado al monumento principal T4_10454,1. Izamal,Sin reticula,"2",
"67",T4_15056,Cimiento con núcleo,3847139.734,1042419.47,N/A,7015+011,Monumento superior,Asociado al monumento principal T4_15052,Ceros tren,Si,No aplica,2022/05/23,2022/05/26,"401",,0,,"0",Intervenido,Excavado,"21023","2",Pendiente,T4,,,N/A,DANI,,Asociado al monumento principal T4_10454,1. Izamal,Sin reticula,"2",
"68",T4_04904,Cimiento con núcleo,3849216.93,1038066.191,N/A,7019+857,Monumento principal,Sin monumento superior,Ceros tren,Si,No aplica,2022/05/24,2022/05/26,"407",6.44,1,4,"0",Intervenido,Excavado,"21023","2",Pendiente,T4,EXC-T4-0008,JUNIO,Si,DANI,"0",,1. Izamal,Sin reticula,"2",
"69",T4_04905,Cimiento con núcleo,3849216.113,1038066.054,N/A,7019+857,Monumento principal,Sin monumento superior,Ceros tren,Si,No aplica,2022/05/23,2022/05/26,"407",22.8,1,4,"0",Intervenido,Excavado,"21023","2",Pendiente,T4,EXC-T4-0008,JUNIO,Si,DANI,"0",,1. Izamal,Sin reticula,"2",
"70",T4_04906,Cimiento,3849217.863,1038057.027,N/A,7019+866,Monumento principal,Sin monumento superior,Ceros tren,Si,No aplica,2022/05/24,2022/05/26,"407",21,1,4,"0",Intervenido,Excavado,"21023","2",Pendiente,T4,EXC-T4-0008,JUNIO,Si,DANI,"0",,1. Izamal,Sin reticula,"2",
"71",T4_09179,Cimiento con núcleo,3849225.176,1038049.776,N/A,7019+876,Monumento principal,Sin monumento superior,Ceros tren,Si,No aplica,2022/05/23,2022/05/26,"407",24.5,1,4,"0",Intervenido,Excavado,"21023","2",Pendiente,T4,EXC-T4-0008,JUNIO,Si,DANI,"0",,1. Izamal,Sin reticula,"2",
"72",T4_04860,Nivelación,3929526.81,1039015.742,N/A,7101+950,Monumento superior,Asociado al monumento principal T4_04859,Derecho de vía tren,No aplica,Si,2022/04/27,2022/04/29,"414",168,11,44,"6",Intervenido,Registrado sin excavar,"21023","2",Pendiente,T4,,DESCARTADO,N/A,,,Asociado al monumento principal T4_04859,2. Valladolid,Sin reticula,"4",
"73",T4_10454,Terraza,3847130.846,1042411.049,N/A,7015+015,Monumento superior,Asociado al monumento principal T4_10465,Ceros tren,Si,No aplica,2022/05/23,2022/05/26,"408",560,4,16,"3",Intervenido,Excavado,"21023","2",Pendiente,T4,EXC-T4-0008,,N/A,DANI,"0","T4_15052,T4_16044,T4_15056",1. Izamal,Sin reticula,"2",
"74",T4_10482,Cimiento,3892718.172,1032402.968,N/A,7064+128,Monumento principal,T4_04804,Derecho de vía tren,No aplica,Si,2022/05/17,,"408",6,1,4,"1",Intervenido,Excavado,"21023","2",Pendiente,T4,,,N/A,,,T4_04804,1. Izamal,Sin reticula,"2",
"75",T4_15058,Cimiento,3845062.546,1046020.841,N/A,7010+797,Monumento principal,Sin monumento superior,Ceros tren,Si,No aplica,2022/03/22,2022/03/22,"408",12,1,4,"1",Intervenido,Excavado,"21023","2",Pendiente,T4,EXC-T4-0005,MAYO,N/A,DANI,"0",Sin monumento superior ,1. Izamal,,"0",
"76",T4_17068,Cimiento con núcleo,3963288.806,1051433.386,N/A,7138+206,Monumento superior,Asociado al monumento principal T4_10412,Derecho de vía tren,No aplica,Si,2022/04/06,2022/04/26,"414",,0,,"0",Intervenido,Registrado sin excavar,"21023","2",Pendiente,T4,,DESCARTADO,N/A,,,Asociado al monumento principal T4_10412,3. Tintal,,"0",
"77",T4_17052,Cimiento con núcleo,4041584.738,1084559.855,N/A,7224+745,Monumento principal,Sin monumento superior,Ceros tren,Si,No aplica,2022/03/31,2022/03/31,"413",25,0,0,"0",Intervenido,Registrado sin excavar,"21023","2",Pendiente,T4,,ABRIL,N/A,,,,4. Leona Vicario,,"0",
"78",T4_17051,Cimiento,4041500.037,1084499.293,N/A,7224+640,Monumento superior,Asociado a monumento principal T4_17051,Derecho de vía tren,No aplica,Si,,,"414",,,,,Intervenido,Registrado sin excavar,"21023","2",Pendiente,T4,,ABRIL,N/A,,,,4. Leona Vicario,,"5",
"79",T4_17050,Basamento,4041496.815,1084503.574,N/A,7224+640,Monumento principal,T4_17051,Derecho de vía tren,No aplica,Si,,,"414",,,,,Intervenido,Excavado,"21023","2",Pendiente,T4,,ABRIL,N/A,,,,4. Leona Vicario,Sin reticula,"5",
"80",T3_13556,Basamaento,3846263.448,1044218.203,N/A,7013+002,Monumento principal,Sin monumento superior,Ceros tren,Si,No aplica,2022/05/11,2022/05/13,"408",16,2,8,"0",Intervenido,Excavado,"21023","2",Pendiente,T4,EXC-T4-0006,JUNIO,N/A,DANI,"0",,1. Izamal,Sin reticula,"2",
"81",T3_13557,Cueva,3846239.48,1044235.923,N/A,7012+975,Monumento principal,Sin monumento superior,Ceros tren,Si,No aplica,2022/05/11,2022/05/13,"408",6,0,0,"0",Intervenido,Excavado,"21023","2",Pendiente,T4,EXC-T4-0006,JUNIO,N/A,DANI,"0",,1. Izamal,Sin reticula,"2",
"82",T4_10464,Cimiento compuesto,3846068.075,1044604.018,N/A,7012+567,Monumento superior,Asociado al monumento principal T4_10465,Ceros tren,Si,No aplica,2022/05/04,2022/05/10,"409",32,1,4,"1",Intervenido,Excavado,"21023","2",Pendiente,T4,EXC-T4-0006,JUNIO,N/A,DANI,,,1. Izamal,Sin reticula,"3",
"83",T4_10463,Cimiento con núcleo,3846072.161,1044601.275,N/A,7012+572,Monumento principal,Sin monumento superior,Ceros tren,Si,No aplica,2022/05/04,2022/05/06,"408",20,1,4,"1",Intervenido,Excavado,"21023","2",Pendiente,T4,EXC-T4-0006,JUNIO,N/A,DANI,,Asociado al monumento principal T4_10465,1. Izamal,Sin reticula,"3",
"84",T3_13553,Cimiento con núcleo,3846690.352,1043292.368,N/A,7014+026,Monumento principal,Sin monumento superior,Ceros tren,Si,No aplica,2022/05/12,2022/05/13,"419",28,6,24,"1",Intervenido,Excavado,"21023","2",Pendiente,T4,EXC-T4-0006,,N/A,DANI,"0",,1. Izamal,Sin reticula,"2",
"85",T3_13554,Cimiento con núcleo,3846697.725,1043305.667,N/A,7014+017,Monumento principal,Sin monumento superior,Ceros tren,Si,No aplica,2022/05/12,2022/05/13,"419",24,6,24,"1",Intervenido,Excavado,"21023","2",Pendiente,T4,EXC-T4-0006,,N/A,DANI,"0",,1. Izamal,Sin reticula,"2",
"86",T4_04876,Cimiento,3849540.877,1037707.658,N/A,7020+343,Monumento principal,Sin monumento superior,Ceros tren,Si,No aplica,2022/05/05,2022/05/13,"410",100,3,12,"0",Intervenido,Excavado,"21023","2",Pendiente,T4,EXC-T4-0008,,Si,DANI,"0",,1. Izamal,Sin reticula,"3",
"87",T4_04878,Terraza,3849445.462,1037789.077,N/A,7020+218,Monumento principal,Sin monumento superior,Ceros tren,Si,No aplica,2022/05/09,,"410",,,,,Intervenido,Excavado,"21023","2",Pendiente,T4,EXC-T4-0008,,N/A,DANI,,,1. Izamal,Sin reticula,"3",
"88",T4_04877,Cimiento,3849481.545,1037775.784,N/A,7020+253,Monumento principal,Sin monumento superior,Ceros tren,Si,No aplica,2022/05/09,,"410",,,,,Intervenido,Excavado,"21023","2",Pendiente,T4,EXC-T4-0008,,Si,DANI,,,1. Izamal,Sin reticula,"3",
"89",T4_11349,Albarrada,4028617.175,1074949.216,263+118,N/A,Monumento principal,Sin monumento superior,Derecho de vía Autopista,No aplica,Si,2022/01/21,2022/01/26,"415",90,0,0,"0",Intervenido,Excavado,"21023","2",Pendiente,T4,,MAYO,N/A,,,,4. Leona Vicario,Sin reticula,"0",
"90",T4_04820,Cimiento con núcleo,3977926.261,1056557.791,N/A,7153+777,Monumento principal,Sin monumento superior,Derecho de vía tren,No aplica,Si,,,"414",,,,,Intervenido,Excavado,"21023","2",Pendiente,T4,,MAYO,N/A,,,,3. Tintal,,"5",
"91",T4_04819,Cimiento con núcleo,3977946.305,1056438.314,N/A,7153+751,Monumento principal,Sin monumento superior,Derecho de vía tren,No aplica,Si,,,"417",,,,,Intervenido,Excavado,"21023","2",Pendiente,T4,,MAYO,N/A,,,,3. Tintal,,"5",
"92",T4_04818,Cimiento con pretil,3977941.06,1056434.636,N/A,7153+744,Monumento principal,Sin monumento superior,Derecho de vía tren,No aplica,Si,,,"414,417",,,,,Intervenido,Excavado,"21023","2",Pendiente,T4,,MAYO,N/A,,,,3. Tintal,,"5",
"93",T4_14193,Cimiento con núcleo,3977887.791,1056532.415,N/A,7153+731,Monumento principal,Sin monumento superior,Derecho de vía tren,No aplica,Si,,,"417",,,,,Intervenido,Excavado,"21023","2",Pendiente,T4,,MAYO,N/A,,,,3. Tintal,,"5",
"94",T4_14192,Cimiento con núcleo,3977954.267,1056443.239,N/A,7153+760,Monumento principal,Sin monumento superior,Derecho de vía tren,No aplica,Si,,,"414,417",,,,,Intervenido,Excavado,"21023","2",Pendiente,T4,,MAYO,N/A,,,,3. Tintal,,"5",
"95",T4_14191,Cimiento con núcleo,3977958.343,1056414.812,N/A,7153+753,Monumento principal,Sin monumento superior,Derecho de vía tren,No aplica,Si,,,"414",,,,,Intervenido,Excavado,"21023","2",Pendiente,T4,,MAYO,N/A,,,,3. Tintal,,"5",
"96",T3_12545,Cimiento con núcleo,3845083.607,1045988.039,N/A,7010+829,Monumento principal,Sin monumento superior,Ceros tren,Si,No aplica,2022/03/22,2022/03/24,"408,409",24,0,0,"0",Intervenido,Excavado,"21023","2",Pendiente,T4,EXC-T4-0005,MAYO,N/A,DANI,,,1. Izamal,,"0",
"97",T3_13419,Cimiento con núcleo,3845120.418,1045926.931,N/A,7010+891,Monumento principal,Sin monumento superior,Ceros tren,Si,No aplica,2022/04/01,2022/04/05,"409",36,1,4,"1",Intervenido,Excavado,"21023","2",Pendiente,T4,EXC-T4-0005,MAYO,N/A,DANI,,,1. Izamal,,"0",
"98",T3_12535,Cimiento,3844470.354,1046161.781,N/A,7010+192,Monumento principal,Sin monumento superior,Ceros tren,Si,No aplica,2022/03/14,2022/03/14,"406",0,0,0,"0",Intervenido,Registrado sin excavar,"21023","2",Pendiente,T4,,MAYO,N/A,DANI,,,1. Izamal,,"0",
"99",T4_17053,Montículo Chich,3977952.008,1056406.758,N/A,7153+744,Monumento principal,Sin monumento superior,Derecho de vía tren,No aplica,Si,,,"414,417",,,,,Intervenido,Excavado,"21023","2",Pendiente,T4,,MAYO,N/A,,,,3. Tintal,,"5",
"100",T4_04838,Cimiento con núcleo,3849964.075,1037411.039,N/A,7020+863,Monumento principal,Sin monumento superior,Ceros tren,Si,No aplica,2022/05/05,2022/05/23,"407",16,1,4,"1",Intervenido,Excavado,"21023","2",Pendiente,T4,EXC-T4-0008,JUNIO,N/A,DANI,"0",,1. Izamal,Sin reticula,"3",
"101",T4_12326,Cimiento,4029055.455,1075234.171,263+669,N/A,Monumento superior,Asociado al monumento principal T4_12326,Derecho de vía Autopista,No aplica,Si,2022/05/02,2022/06/01,"416,418,420",,0,,"0",Intervenido,Excavado,"21023","2",Pendiente,T4,,,N/A,,,Asociado al monumento principal T4_11345,4. Leona Vicario,Sin reticula,"3",
"102",T4_04836,Cimiento,3849957.701,1037426.024,N/A,7020+851,Monumento superior,Asociado al monumento principal T4_04837,Ceros tren,Si,No aplica,2022/05/06,2022/05/23,"407",22.14,0,0,"0",Intervenido,Excavado,"21023","2",Pendiente,T4,EXC-T4-0008,JUNIO,N/A,DANI,,Asociado al monumento principal T4_04837,1. Izamal,Sin reticula,"3",
"103",T4_04837,Nivelación,3849964.967,1037421.65,N/A,7020+859,Monumento principal,"T4_09140,T4_04836",Ceros tren,Si,No aplica,2022/05/06,2022/05/23,"407",1020,3,12,"3",Intervenido,Excavado,"21023","2",Pendiente,T4,EXC-T4-0008,JUNIO,N/A,DANI,"0","T4_09140, T4_04836",1. Izamal,Sin reticula,"3",
"104",T4_09140,Cimiento,3849958.439,1037430.728,N/A,7020+849,Monumento superior,Asociado al monumento principal T4_04837,Ceros tren,Si,No aplica,2022/05/06,2022/05/23,"407",36,0,0,"0",Intervenido,Excavado,"21023","2",Pendiente,T4,EXC-T4-0008,JUNIO,N/A,DANI,,Asociado al monumento principal T4_04837,1. Izamal,Sin reticula,"3",
"105",T4_09141,Cimiento con núcleo,3849971.682,1037437.966,N/A,7020+858,Monumento principal,Sin monumento superior,Ceros tren,Si,No aplica,2022/05/05,2022/05/23,"407",16,1,4,"0",Intervenido,Excavado,"21023","2",Pendiente,T4,EXC-T4-0008,JUNIO,N/A,DANI,"0",,1. Izamal,Sin reticula,"3",
"106",T4_09142,Afloramiento acondicionado,3849950.542,1037413.707,N/A,7020+850,Monumento principal,Sin monumento superior,Ceros tren,Si,No aplica,2022/05/23,2022/05/23,"407",97.5,0,0,"0",Intervenido,Excavado,"21023","2",Pendiente,T4,EXC-T4-0008,JUNIO,N/A,DANI,"0",,1. Izamal,Sin reticula,"2",
"107",T3_13442,Basamento,3845785.154,1045198.258,N/A,7011+906,Monumento principal,Sin monumento superior,Ceros tren,Si,No aplica,2022/05/02,2022/05/05,"405",112.5,2,8,"2",Intervenido,Excavado,"21023","2",Pendiente,T4,EXC-T4-0005,JUNIO,N/A,DANI,"0",No aplica,1. Izamal,,"0",
"108",T3_13439,Cimiento con núcleo,3845798.109,1045220.72,N/A,7011+891,Monumento principal,Sin monumento superior,Ceros tren,Si,No aplica,2022/04/21,2022/04/25,"404",14,1,4,"2",Intervenido,Excavado,"21023","2",Pendiente,T4,EXC-T4-0005,,N/A,DANI,"0","0",1. Izamal,,"0",
"109",T3_12563,Basamento,3845815.98,1045214.197,N/A,7011+905,Monumento principal,Sin monumento superior,Ceros tren,Si,No aplica,2022/05/02,2022/05/04,"404",68,6,24,"2",Intervenido,Excavado,"21023","2",Pendiente,T4,EXC-T4-0005,,N/A,DANI,"0","0",1. Izamal,,"0",
"110",T3_13555,Basamento,3846429.943,1043837.864,N/A,7013+419,Monumento principal,Sin monumento superior,Ceros tren,Si,No aplica,2022/05/04,2022/05/10,"401",244.792,26,104,"3",Intervenido,Excavado,"21023","2",Pendiente,T4,EXC-T4-0006,,N/A,DANI,"0",No Aplica,1. Izamal,Sin reticula,"3",
"111",T3_12561,Histórico,3845792.93,1045261.688,N/A,7011+853,Monumento principal,Sin monumento superior,Ceros tren,Si,No aplica,2022/05/05,2022/05/09,"405",201,2,8,"0",Intervenido,Excavado,"21023","2",Pendiente,T4,EXC-T4-0005,JUNIO,N/A,DANI,"0",No aplica,1. Izamal,Sin reticula,"3",
"112",T4_10461,Terraza,3851951.528,1036897.993,N/A,7022+919,Monumento principal,Sin monumento superior,Derecho de vía tren,No aplica,Si,2022/05/16,2022/05/20,"413",25,8,32,"29",Intervenido,Excavado,"21023","2",Pendiente,T4,,,N/A,,"0",Sin monumento superior,1. Izamal,Sin reticula,"2",
"113",T4_10465,Terraza,3846060.235,1044606.89,N/A,7012+562,Monumento principal,"T4_10463,T4_10454",Ceros tren,Si,No aplica,2022/05/04,2022/05/06,"408",168,3,12,"3",Intervenido,Excavado,"21023","2",Pendiente,T4,EXC-T4-0006,JUNIO,N/A,DANI,"0","T4_10463,T4_10454",1. Izamal,Sin reticula,"3",
"114",T4_10473,Cimiento,3850015.576,1037387.777,N/A,7020+920,Monumento principal,Sin monumento superior,Ceros tren,Si,No aplica,2022/05/06,2022/05/30,"406",12,4,16,"6",Intervenido,Excavado,"21023","2",Pendiente,T4,EXC-T4-0008,JUNIO,N/A,DANI,,Asociado al monumento principal T4_17044,1. Izamal,Sin reticula,"3",
"115",T4_10470,Cimiento con núcleo,3850036.951,1037403.322,N/A,7020+932,Monumento superior,Asociado al monumento principal T4_17044,Ceros tren,Si,No aplica,2022/05/06,2022/05/30,"406",20,7,28,"21",Intervenido,Excavado,"21023","2",Pendiente,T4,EXC-T4-0008,JUNIO,N/A,DANI,,Asociado al monumento principal T4_17044,1. Izamal,Sin reticula,"3",
"116",T4_17045,Cimiento compuesto,3850035.831,1037392.427,N/A,7020+936,Monumento superior,Asociado al monumento principal T4_17044,Ceros tren,Si,No aplica,2022/05/06,2022/05/30,"406",28,12,48,"21",Intervenido,Excavado,"21023","2",Pendiente,T4,EXC-T4-0008,JUNIO,N/A,DANI,,Asociado al monumento principal T4_17044,1. Izamal,Sin reticula,"3",
"117",T4_17044,Nivelación,3850028.466,1037391.386,N/A,7020+930,Monumento principal,"T4_10470, T4_10471,T4_10472,T4_17045",Ceros tren,Si,No aplica,2022/05/06,2022/05/30,"406",1216,62,248,"124",Intervenido,Excavado,"21023","2",Pendiente,T4,EXC-T4-0008,JUNIO,N/A,DANI,,"T4_10470, T4_10471, T4_10472, T4_10473, T4_17045, T4_22011, T4_22012",1. Izamal,Sin reticula,"3",
"118",T4_11345,Nivelación,4029044.292,1075231.02,263+658,N/A,Monumento principal,T4_10239,Derecho de vía Autopista,No aplica,Si,2022/05/02,2022/06/01,"416,418,420",390,29,116,"88",Intervenido,Excavado,"21023","2",Pendiente,T4,,,N/A,,,"T4_03610, T4_04547, T4_10239, T4_12326",4. Leona Vicario,Sin reticula,"3",
"119",T4_04859,Nivelación,3929522.133,1039010.884,N/A,7101+945,Monumento principal,T4_04860,Derecho de vía tren,No aplica,Si,2022/04/27,2022/04/29,"414",168,22,88,"6",Intervenido,Excavado,"21023","2",Pendiente,T4,,DESCARTADO,N/A,,"0",T4_04860,2. Valladolid,Sin reticula,"4",
"120",T3_12562,Basamento,3845806.05,1045228.655,N/A,7011+888,Monumento principal,Sin monumento superior,Ceros tren,Si,No aplica,2022/04/22,2022/04/27,"405",197.4,2,8,"7",Intervenido,Excavado,"21023","2",Pendiente,T4,EXC-T4-0005,,N/A,DANI,"0",No aplica,1. Izamal,,"0",
"121",T3_13437,Basamento,3845713.445,1045311.467,N/A,7011+770,Monumento principal,Sin monumento superior,Ceros tren,Si,No aplica,2022/04/25,2022/05/05,"419",60,4,16,"14",Intervenido,Excavado,"21023","2",Pendiente,T4,EXC-T4-0005,,N/A,DANI,"0",T3_13438,1. Izamal,Sin reticula,"4",
"122",T3_12565,Cimiento con núcleo,3845747.397,1045376.14,N/A,7011+732,Monumento superior,Asociado al monumento principal T3_12564,Ceros tren,Si,No aplica,2022/04/12,2022/04/26,"406",28.7,0,0,"28",Intervenido,Excavado,"21023","2",Pendiente,T4,EXC-T4-0005,MAYO,N/A,DANI,,Asociado al monumento principal T3_12564,1. Izamal,,"0",
"123",T3_12701,Cimiento,3845958.123,1044879.348,N/A,7012+270,Monumento superior,Asociado al monumento principal T3_12702,Ceros tren,Si,No aplica,2022/04/28,,"402",64,15,60,"1",Intervenido,Excavado,"21023","2",Pendiente,T4,EXC-T4-0006,JUNIO_2,N/A,DANI,"0",,1. Izamal,Sin reticula,"4",
"124",T3_12702,Cimiento con núcleo,3845945.436,1044885.373,N/A,7012+259,Monumento principal,"T3_12703,T3_13551,T3_13548,T3_13550,T3_12701",Ceros tren,Si,No aplica,2022/04/29,,"402",16,10,40,"1",Intervenido,Excavado,"21023","2",Pendiente,T4,EXC-T4-0006,JUNIO_2,N/A,DANI,"0",,1. Izamal,Sin reticula,"4",
"125",T3_13438,Cimiento con núcleo,3845702.625,1045314.62,N/A,7011+759,Monumento principal,Sin monumento superior,Ceros tren,Si,No aplica,2022/04/25,2022/05/05,"419",30,1,4,"2",Intervenido,Excavado,"21023","2",Pendiente,T4,EXC-T4-0005,,N/A,DANI,,Asociado al monumento principal T3_13437,1. Izamal,Sin reticula,"4",
"126",T4_10462,Histórico,3846047.862,1044646.601,N/A,7012+520,Monumento principal,T3_13226,Ceros tren,Si,No aplica,2022/04/29,2022/05/03,"408",168,2,8,"0",Intervenido,Excavado,"21023","2",Pendiente,T4,EXC-T4-0006,JUNIO,N/A,DANI,"0",T3_13226,1. Izamal,Sin reticula,"4",
"127",T4_15060,Afloramiento acondicionado,3845374.523,1045761.41,N/A,7011+197,Monumento principal,Sin monumento superior,Ceros tren,Si,No aplica,2022/04/12,2022/04/12,"406",45,0,0,"0",Intervenido,Excavado,"21023","2",Pendiente,T4,EXC-T4-0005,MAYO,N/A,DANI,"0",,1. Izamal,,"0",
"128",T4_04556,Basamento,4028671.246,1074865.356,263+129,N/A,Monumento principal,Sin monumento superior,Derecho de vía Autopista,No aplica,Si,2022/04/29,2022/05/10,"415",72,4,16,"9",Intervenido,Excavado,"21023","2",Pendiente,T4,,,N/A,,"0",,4. Leona Vicario,Sin reticula,"4",
"129",T3_13552,Basamento,3845976.075,1044805.454,N/A,7012+345,Monumento principal,Sin monumento superior,Ceros tren,Si,No aplica,2022/05/04,2022/05/13,"402",494,29,116,"12",Intervenido,Excavado,"21023","2",Pendiente,T4,EXC-T4-0006,JUNIO_2,N/A,DANI,"0",T4_20005,1. Izamal,Sin reticula,"3",
"130",T3_13226,Pozo,3846053.456,1044637.344,N/A,7012+531,Monumento principal,Sin monumento superior,Ceros tren,Si,No aplica,2022/04/29,2022/05/03,"408",0,0,0,"0",Intervenido,Excavado,"21023","2",Pendiente,T4,EXC-T4-0006,,N/A,DANI,,Asociado al monumento principal T4_10462,1. Izamal,Sin reticula,"4",
"131",T4_10239,Terraza,4029059.608,1075225.411,263+666,N/A,Monumento superior,Asociado al monumento principal T4_11345,Derecho de vía Autopista,No aplica,Si,2022/05/02,2022/06/01,"416,418,420",,0,,"0",Intervenido,Excavado,"21023","2",Pendiente,T4,,,N/A,,,Asociado al monumento principal T4_11345,4. Leona Vicario,Sin reticula,"3",
"132",T4_04547,Basamento,4029053.911,1075231.187,263+666,N/A,Monumento principal,T4_12326,Derecho de vía Autopista,No aplica,Si,2022/05/02,2022/06/01,"416,418,420",,0,,"0",Intervenido,Excavado,"21023","2",Pendiente,T4,,,N/A,,,Asociado al monumento principal T4_11345,4. Leona Vicario,Sin reticula,"3",
"133",T3_13429,Cimiento con núcleo,3845553.712,1045534.968,N/A,7011+487,Monumento principal,Sin monumento superior,Ceros tren,Si,No aplica,2022/04/18,2022/04/20,"419",30,1,4,"2",Intervenido,Excavado,"21023","2",Pendiente,T4,EXC-T4-0005,MAYO,N/A,DANI,"0",,1. Izamal,,"0",
"134",T3_13428,Cimiento con núcleo,3845548.69,1045533.739,N/A,7011+485,Monumento principal,Sin monumento superior,Ceros tren,Si,No aplica,2022/04/19,2022/04/22,"419",30,1,4,"2",Intervenido,Excavado,"21023","2",Pendiente,T4,EXC-T4-0005,MAYO,N/A,DANI,"0",,1. Izamal,,"0",
"135",T3_13431,Basamento,3845692.896,1045364.838,N/A,7011+712,Monumento principal,Sin monumento superior,Ceros tren,Si,No aplica,2022/04/11,2022/04/28,"410",1156,33,132,"46",Intervenido,Excavado,"21023","2",Pendiente,T4,EXC-T4-0005,,N/A,DANI,"0","T3_13432,T3_13433",1. Izamal,Sin reticula,"4",
"136",T3_13427,Chultún,3845506.452,1045623.9,N/A,7011+388,Monumento principal,Sin monumento superior,Ceros tren,Si,No aplica,2022/04/11,2022/04/14,"408",8,1,4,"1",Intervenido,Excavado,"21023","2",Pendiente,T4,EXC-T4-0005,MAYO,N/A,DANI,"0",Ninguno,1. Izamal,,"0",
"137",T3_12557,Basamento,3845691.151,1045441.175,N/A,7011+646,Monumento principal,Sin monumento superior,Ceros tren,Si,No aplica,2022/04/06,2022/04/25,"402",64,44,176,"28",Intervenido,Excavado,"21023","2",Pendiente,T4,EXC-T4-0005,JUNIO_2,N/A,DANI,"0",,1. Izamal,Sin reticula,"4",
"138",T3_12550,Basamento,3845447.889,1045672.604,N/A,7011+312,Monumento principal,Sin monumento superior ,Ceros tren,Si,No aplica,2022/04/11,2022/04/28,"407,408",768,27,108,"20",Intervenido,Excavado,"21023","2",Pendiente,T4,EXC-T4-0005,MAYO,N/A,DANI,"0",NINGUNO,1. Izamal,,"0",
"139",T3_12558,Basamento,3845778.66,1045314.277,N/A,7011+800,Monumento principal,"T3_12559,T3_12560",Ceros tren,Si,No aplica,2022/04/13,2022/04/29,"401",530,34,136,"58",Intervenido,Excavado,"21023","2",Pendiente,T4,EXC-T4-0005,,N/A,DANI,"0","T3_12559,T3_12560",1. Izamal,,"0",
"140",T3_12564,Basamento,3845751.199,1045376.139,N/A,7011+734,Monumento principal,Sin monumento superior,Ceros tren,Si,No aplica,2022/04/12,2022/04/26,"406",216,26,104,"88",Intervenido,Excavado,"21023","2",Pendiente,T4,EXC-T4-0005,MAYO,N/A,DANI,"0",T3_12565,1. Izamal,,"0",
"141",T4_16059,Cimiento,3845496.747,1045641.045,N/A,7011+369,Monumento principal,Sin monumento superior,Ceros tren,Si,No aplica,2022/04/11,2022/04/14,"408",24,1,4,"1",Intervenido,Excavado,"21023","2",Pendiente,T4,EXC-T4-0005,MAYO,N/A,DANI,"0",Ninguno,1. Izamal,,"0",
"142",T4_15061,Afloramiento acondicionado,3845488.545,1045632.975,N/A,7011+369,Monumento principal,Sin monumento superior,Ceros tren,Si,No aplica,2022/04/11,2022/04/14,"408",48,0,0,"0",Intervenido,Excavado,"21023","2",Pendiente,T4,EXC-T4-0005,MAYO,N/A,DANI,"0",Ninguno,1. Izamal,,"0",
"143",T4_16070,Cimiento,3845558.102,1045553.734,N/A,7011+476,Monumento principal,Sin monumento superior,Ceros tren,Si,No aplica,2022/04/13,,"419",44,1,4,"5",Intervenido,Excavado,"21023","2",Pendiente,T4,EXC-T4-0005,,N/A,DANI,"0",,1. Izamal,,"2",
"144",T4_17026,Cimiento,3963288.927,1051437.861,N/A,7138+208,Monumento superior,Asocialdo al monumento principal T4_10412,Derecho de vía tren,No aplica,Si,2022/04/06,2022/04/26,"414",,0,,"0",Intervenido,Excavado,"21023","2",Pendiente,T4,,DESCARTADO,N/A,,,Asociado al monumento principal T4_10412,3. Tintal,,"0",
"145",T4_17025,Cimiento,3963282.251,1051438.481,N/A,7138+202,Monumento superior,Asocialdo al monumento principal T4_10412,Derecho de vía tren,No aplica,Si,2022/04/06,2022/04/26,"414",,0,,"0",Intervenido,Excavado,"21023","2",Pendiente,T4,,DESCARTADO,N/A,,,Asociado al monumento principal T4_10412,3. Tintal,,"0",
"146",T4_10414,Cimiento con núcleo,3963300.898,1051446.03,N/A,7138+223,Monumento superior,Asocialdo al monumento principal T4_10412,Derecho de vía tren,No aplica,Si,2022/04/06,2022/04/26,"414",,0,,"0",Intervenido,Excavado,"21023","2",Pendiente,T4,,DESCARTADO,N/A,,,Asociado al monumento principal T4_10412,3. Tintal,,"0",
"147",T3_12544,Cimiento con núcleo,3845078.259,1045978.954,N/A,7010+829,Monumento principal,Sin monumento superior,Ceros tren,Si,No aplica,2022/03/25,2022/03/27,"409",48,1,4,"1",Intervenido,Excavado,"21023","2",Pendiente,T4,EXC-T4-0005,MAYO,N/A,DANI,"0",,1. Izamal,,"0",
"148",T3_13418,Cimiento con núcleo,3845108.73,1045917.716,N/A,7010+885,Monumento principal,Sin monumento superior,Ceros tren,Si,No aplica,2022/03/31,2022/04/01,"409",80.5,1,4,"1",Intervenido,Excavado,"21023","2",Pendiente,T4,EXC-T4-0005,MAYO,N/A,DANI,"0",,1. Izamal,,"0",
"149",T3_13430,Afloramiento acondicionado,3845676.216,1045417.741,N/A,7011+658,Monumento principal,Sin monumento superior,Ceros tren,Si,No aplica,2022/04/06,2022/04/15,"402",24,0,0,"0",Intervenido,Excavado,"21023","2",Pendiente,T4,EXC-T4-0005,MAYO,N/A,DANI,"0",,1. Izamal,,"0",
"150",T3_13426,Cimiento con núcleo,3845401.745,1045696.081,N/A,7011+260,Monumento principal,Sin monumento superior,Ceros tren,Si,No aplica,2022/04/06,2022/04/11,"401",18.45,4,16,"5",Intervenido,Excavado,"21023","2",Pendiente,T4,EXC-T4-0005,MAYO,N/A,DANI,"0",No Aplica,1. Izamal,,"0",
"151",T3_13425,Cimiento con núcleo,3845408.36,1045704.012,N/A,7011+260,Monumento principal,"T4_16064,T4_1603,T4_21003, T4_21004",Ceros tren,Si,No aplica,2022/04/06,2022/04/11,"401",202.5,12,48,"1",Intervenido,Excavado,"21023","2",Pendiente,T4,EXC-T4-0005,MAYO,N/A,DANI,"0","T4_16063, T4_16064, T4_21003, T4_21004,T4_21005",1. Izamal,,"0",
"152",T3_13420,Basamento,3845172.273,1045902.696,N/A,7010+949,Monumento principal,Sin monumento superior,Ceros tren,Si,No aplica,2022/03/30,2022/03/31,"404",47,1,4,"0",Intervenido,Excavado,"21023","2",Pendiente,T4,EXC-T4-0005,MAYO,N/A,DANI,"0",T3_13420,1. Izamal,,"0",
"153",T3_12552,Cimiento con núcleo,3845487.628,1045654.441,N/A,7011+353,Monumento principal,Sin monumento superior,Ceros tren,Si,No aplica,2022/04/11,2022/04/14,"408",80,5,20,"5",Intervenido,Excavado,"21023","2",Pendiente,T4,EXC-T4-0005,MAYO,N/A,DANI,"0",Ninguno,1. Izamal,,"0",
"154",T3_12548,Cimiento,3845195.427,1045887.523,N/A,7010+976,Monumento principal,Sin monumento superior,Ceros tren,Si,No aplica,2022/04/01,2022/04/06,"404",11.6,1,4,"0",Intervenido,Excavado,"21023","2",Pendiente,T4,EXC-T4-0005,MAYO,N/A,DANI,"0",T3_12548,1. Izamal,,"0",
"155",T4_10412,Nivelación,3963291.938,1051440.149,N/A,7138+212,Monumento principal,"T4_17025,T4_17026,T4_10414,T4_10413",Derecho de vía tren,No aplica,Si,2022/04/06,2022/04/26,"414",380,38,152,"20",Intervenido,Excavado,"21023","2",Pendiente,T4,,DESCARTADO,N/A,,"0","T4_10414,T4_17025,T4_17026,T4_17068",3. Tintal,,"0",
"156",T4_10459,Cimiento con núcleo,3845159.456,1045905.718,N/A,7010+937,Monumento principal,Sin monumento superior,Ceros tren,Si,No aplica,2022/03/28,2022/03/30,"404",32.175,1,4,"1",Intervenido,Excavado,"21023","2",Pendiente,T4,EXC-T4-0005,MAYO,N/A,DANI,"0",T4_10459,1. Izamal,,"0",
"157",T4_10458,Cimiento,3845476.948,1045644.894,N/A,7011+352,Monumento principal,Sin monumento superior,Ceros tren,Si,No aplica,2022/04/04,2022/04/07,"408",60,5,20,"5",Intervenido,Excavado,"21023","2",Pendiente,T4,EXC-T4-0005,MAYO,N/A,DANI,"0",Ninguno,1. Izamal,,"0",
"158",T4_25003,Basamento,4041048.892,1084205.975,N/A,7224+100,Monumento principal,Sin monumento superior,Derecho de vía tren,No aplica,Si,2022/04/01,2022/04/04,"402",20,1,4,"1",Intervenido,Excavado,"21023","2",Pendiente,T4,,ABRIL,N/A,,"0",,4. Leona Vicario,,"0",
"159",T4_23005,Cimiento,4040986.582,1084112.957,N/A,7223+996,Monumento principal,Sin monumento superior ,Derecho de vía tren,No aplica,Si,2022/04/01,,"402",20,1,4,"2",Intervenido,Excavado,"21023","2",Pendiente,T4,,,N/A,,,Sin monumento superior ,4. Leona Vicario,Sin reticula,"3",
"160",T4_10468,Cimiento con núcleo,3843015.541,1046352.613,N/A,7008+721,Monumento principal,Sin monumento superior,Ceros tren,Si,No aplica,2022/03/28,2022/04/06,"410",48,7,36,"10",Intervenido,Excavado,"21023","2",Pendiente,T4,EXC-T4-0002,MAYO,N/A,DANI,,,1. Izamal,Sin reticula,"4",
"161",T4_15059,Cimiento con núcleo,3845353.247,1045751.191,N/A,7011+187,Monumento principal,Sin monumento superior,Ceros tren,Si,No aplica,2022/04/01,2022/04/04,"406",7.1,2,8,"3",Intervenido,Excavado,"21023","2",Pendiente,T4,EXC-T4-0005,MAYO,N/A,DANI,"0",,1. Izamal,,"0",
"162",T3_13424,Cimiento con núcleo,3845350.486,1045760.826,N/A,7011+179,Monumento principal,Sin monumento superior,Ceros tren,Si,No aplica,2022/04/04,2022/04/05,"406",9.24,1,4,"1",Intervenido,Excavado,"21023","2",Pendiente,T4,EXC-T4-0005,MAYO,N/A,DANI,"0",,1. Izamal,,"0",
"163",T3_13423,Cimiento con núcleo,3845352.891,1045766.349,N/A,7011+177,Monumento principal,Sin monumento superior,Ceros tren,Si,No aplica,2022/04/05,2022/04/07,"406",6,1,4,"3",Intervenido,Excavado,"21023","2",Pendiente,T4,EXC-T4-0005,MAYO,N/A,DANI,"0",,1. Izamal,,"0",
"164",T4_16058,Cimiento con núcleo,3845371.822,1045758.669,N/A,7011+196,Monumento principal,Sin monumento superior,Ceros tren,Si,No aplica,2022/04/07,2022/04/07,"406",30,1,4,"2",Intervenido,Excavado,"21023","2",Pendiente,T4,EXC-T4-0005,MAYO,N/A,DANI,"0",,1. Izamal,,"0",
"165",T4_16057,Cimiento con núcleo,3845359.525,1045755.696,N/A,7011+189,Monumento principal,Sin monumento superior,Ceros tren,Si,No aplica,2022/04/04,2022/04/04,"406",24,2,8,"2",Intervenido,Excavado,"21023","2",Pendiente,T4,EXC-T4-0005,MAYO,N/A,DANI,"0",,1. Izamal,,"0",
"166",T3_12543,Cimiento con núcleo,3845075.297,1045967.416,N/A,7010+832,Monumento principal,Sin monumento superior,Ceros tren,Si,No aplica,2022/03/24,,"408",20,1,4,"0",Intervenido,Excavado,"21023","2",Pendiente,T4,EXC-T4-0005,MAYO,N/A,DANI,"0",Sin monumento superior ,1. Izamal,,"2",
"167",T3_12546,Basamento,3845096.635,1045947.926,N/A,7010+860,Monumento principal,Sin monumento superior,Ceros tren,Si,No aplica,2022/03/25,2022/04/01,"401",780,22,88,"12",Intervenido,Excavado,"21023","2",Pendiente,T4,EXC-T4-0005,ABRIL,N/A,DANI,"0","T3_13085, T4_16061, T3_12547",1. Izamal,,"0",
"168",T3_13416,Basamento,3845097.911,1045928.194,N/A,7010+871,Monumento principal,Sin monumento superior,Ceros tren,Si,No aplica,2022/03/30,,"408",120,2,8,"2",Intervenido,Excavado,"21023","2",Pendiente,T4,EXC-T4-0005,MAYO,N/A,DANI,"0",Sin monumento superior ,1. Izamal,,"2",
"169",T3_12532,Cimiento con núcleo,3843874.272,1046226.912,N/A,7009+590,Monumento principal,Sin monumento superior,Ceros tren,Si,No aplica,2022/03/22,2022/03/24,"403",32,2,8,"2",Intervenido,Excavado,"21023","2",Pendiente,T4,EXC-T4-0002,ABRIL,N/A,DANI,"0",Sin monumento superior ,1. Izamal,,"0",
"170",T3_13422,Cimiento con núcleo,3845149.83,1045890.137,N/A,7010+937,Monumento principal,Sin monumento superior,Ceros tren,Si,No aplica,2022/03/30,2022/04/06,"405",34,1,4,"2",Intervenido,Excavado,"21023","2",Pendiente,T4,EXC-T4-0005,ABRIL,N/A,DANI,"0",No aplica,1. Izamal,,"0",
"171",T3_13421,Afloramiento acondicionado,3845158.489,1045890.892,N/A,7010+943,Monumento principal,Sin monumento superior,Ceros tren,Si,No aplica,2022/03/31,2022/04/01,"405",27,0,0,"0",Intervenido,Excavado,"21023","2",Pendiente,T4,EXC-T4-0005,ABRIL,N/A,DANI,"0",No aplica,1. Izamal,,"0",
"172",T3_12549,Cimiento con núcleo,3845170.827,1045883.795,N/A,7010+958,Monumento principal,Sin monumento superior,Ceros tren,Si,No aplica,2022/04/01,2022/04/06,"405",31,1,4,"0",Intervenido,Excavado,"21023","2",Pendiente,T4,EXC-T4-0005,ABRIL,N/A,DANI,"0",No aplica,1. Izamal,,"0",
"173",T4_16061,Cimiento con núcleo,3845077.635,1045949.655,N/A,7010+842,Monumento principal,Sin monumento superior,Ceros tren,Si,No aplica,2022/03/25,2022/04/01,"401",72,6,24,"6",Intervenido,Excavado,"21023","2",Pendiente,T4,EXC-T4-0005,ABRIL,N/A,DANI,,Asociado al monumento principal T3_12546,1. Izamal,,"0",
"174",T4_16053,Nivelación,3845074.118,1046007.196,N/A,7010+811,Monumento principal,Sin monumento superior,Ceros tren,Si,No aplica,2022/03/23,2022/03/23,"408",120,1,4,"0",Intervenido,Excavado,"21023","2",Pendiente,T4,EXC-T4-0005,MAYO,N/A,DANI,"0",Sin monumento superior ,1. Izamal,,"0",
"175",T4_19004,Cimiento,3843874.652,1046236.828,N/A,7009+589,Monumento principal,Sin monumento superior,Ceros tren,Si,No aplica,2022/03/22,2022/03/24,"403",24,1,4,"1",Intervenido,Excavado,"21023","2",Pendiente,T4,EXC-T4-0002,ABRIL,N/A,DANI,"0",Sin monumento superior ,1. Izamal,,"0",
"176",T4_19003,Afloramiento acondicionado,3843860.339,1046228.333,N/A,7009+576,Monumento principal,Sin monumento superior,Ceros tren,Si,No aplica,2022/03/18,2022/03/23,"403",1344,2,8,"0",Intervenido,Excavado,"21023","2",Pendiente,T4,EXC-T4-0002,ABRIL,N/A,DANI,"0","T4_19004,T3_12532",1. Izamal,,"0",
"177",T4_23002,Basamento,4041059.387,1084189.998,N/A,7224+099,Monumento superior,Asociado a monumento principal T4_25002,Derecho de vía tren,No aplica,Si,2022/03/25,2022/04/04,"402,415,418",110,2,8,"7",Intervenido,Excavado,"21023","2",Pendiente,T4,,ABRIL,N/A,,"0",Asociado al monumento principal T4_25002,4. Leona Vicario,,"0",
"178",T4_23004,Basamento,4041143.236,1084245.793,N/A,7224+201,Monumento principal,Sin monumento superior,Derecho de vía tren,No aplica,Si,2022/04/01,2022/04/01,"415",50,1,4,"1",Intervenido,Excavado,"21023","2",Pendiente,T4,,ABRIL,N/A,,"0",Sin monumento superior ,4. Leona Vicario,,"0",
"179",T3_12537,Basamento,3844626.769,1046129.67,N/A,7010+352,Monumento principal,Sin monumento superior,Ceros tren,Si,No aplica,2022/03/15,2022/03/18,"409",80,25,100,"5",Intervenido,Excavado,"21023","2",Pendiente,T4,EXC-T4-0002,ABRIL,N/A,DANI,"0",Sin monumento superior ,1. Izamal,,"0",
"180",T4_02012,Basamento,3903012.583,1033071.011,N/A,7074+384,Monumento superior,Asociado al monumento principal T4_01016,Derecho de vía tren,No aplica,Si,,,"402,406",12,0,0,,Intervenido,Registrado sin excavar,"21023","2",Pendiente,T4,EXC-T4-0003,,N/A,,,,2. Valladolid,,"5",
"181",T3_13083,Terraza,3844931.459,1046031.492,N/A,7010+674,Monumento principal,Sin monumento superior,Ceros tren,Si,No aplica,2022/03/16,2022/03/24,"401",36,0,0,"0",Intervenido,Excavado,"21023","2",Pendiente,T4,EXC-T4-0005,ABRIL,N/A,DANI,,Asociado al monumento principal T4_15057,1. Izamal,,"0",
"182",T3_13085,Cimiento con núcleo,3845075.722,1045955.729,N/A,7010+838,Monumento principal,Sin monumento superior,Ceros tren,Si,No aplica,2022/03/25,2022/04/01,"401",36,7,28,"5",Intervenido,Excavado,"21023","2",Pendiente,T4,EXC-T4-0005,ABRIL,N/A,DANI,"0",Asociado al monumento principal T3_12546,1. Izamal,,"0",
"183",T4_15057,Basamento,3844915.978,1046025.135,N/A,7010+662,Monumento principal,Sin monumento superior,Ceros tren,Si,No aplica,2022/03/16,2022/03/24,"401",1015.808,12,48,"8",Intervenido,Excavado,"21023","2",Pendiente,T4,EXC-T4-0005,ABRIL,N/A,DANI,"0","T3_13083,T3_13084,T3_12539,T3_12540,T3_12541",1. Izamal,,"0",
"184",T4_16055,Basamento,3845063.829,1046011.287,N/A,7010+802,Monumento principal,Sin monumento superior,Ceros tren,Si,No aplica,2022/03/23,2022/03/25,"409",120,2,8,"3",Intervenido,Excavado,"21023","2",Pendiente,T4,EXC-T4-0005,MAYO,N/A,DANI,"0",,1. Izamal,,"0",
"185",T4_16054,Cimiento,3845066.343,1046006.561,N/A,7010+805,Monumento principal,Sin monumento superior,Ceros tren,Si,No aplica,2022/03/23,2022/03/25,"409",16,1,4,"0",Intervenido,Excavado,"21023","2",Pendiente,T4,EXC-T4-0005,MAYO,N/A,DANI,"0",,1. Izamal,,"0",
"186",T4_25002,Basamento,4041062.796,1084188.45,N/A,7224+101,Monumento principal,T4_23002,Derecho de vía tren,No aplica,Si,2022/03/25,2022/04/04,"402,415,418",240,4,16,"11",Intervenido,Excavado,"21023","2",Pendiente,T4,,ABRIL,N/A,,"0",T4_23002,4. Leona Vicario,,"0",
"187",T3_12534,Cimiento con núcleo,3844464.266,1046166.984,N/A,7010+185,Monumento principal,Sin monumento superior,Ceros tren,Si,No aplica,2022/03/14,2022/03/15,"406",156,7,28,"1",Intervenido,Excavado,"21023","2",Pendiente,T4,EXC-T4-0002,MAYO,N/A,DANI,"0",Sin monumento superior ,1. Izamal,,"0",
"188",T4_01011,Cimiento,3907779.677,1034531.955,133+980,N/A,Monumento principal,Sin monumento superior,Derecho de vía Autopista,No aplica,SI,,,"403",0,0,0,"0",Intervenido,Registrado sin excavar,"21023","2",Pendiente,T4,,MARZO,N/A,,,,2. Valladolid,,"5",
"189",T3_12539,Cimiento compuesto,3844931.598,1046039.549,N/A,7010+671,Monumento principal,Sin monumento superior,Ceros tren,Si,No aplica,2022/03/16,2022/03/24,"401",24,2,8,"4",Intervenido,Excavado,"21023","2",Pendiente,T4,EXC-T4-0005,ABRIL,N/A,DANI,,Asociado al monumento principal T4_15057,1. Izamal,,"0",
"190",T3_12541,Cimiento con núcleo,3844901.233,1046033.253,N/A,7010+645,Monumento principal,Sin monumento superior,Ceros tren,Si,No aplica,2022/03/16,2022/03/24,"401",72,9,36,"2",Intervenido,Excavado,"21023","2",Pendiente,T4,EXC-T4-0005,ABRIL,N/A,DANI,,Asociado al monumento principal T4_15057,1. Izamal,,"0",
"191",T3_12540,Cimiento compuesto,3844904.453,1046038.885,N/A,7010+646,Monumento principal,Sin monumento superior,Ceros tren,Si,No aplica,2022/03/16,2022/03/24,"401",72.21,7,28,"1",Intervenido,Excavado,"21023","2",Pendiente,T4,EXC-T4-0005,ABRIL,N/A,DANI,,Asociado al monumento principal T4_15057,1. Izamal,,"0",
"192",T3_13084,Cimiento con núcleo,3844932.762,1046033.656,N/A,7010+674,Monumento principal,Sin monumento superior,Ceros tren,Si,No aplica,2022/03/16,2022/03/24,"401",56.58,1,4,"0",Intervenido,Excavado,"21023","2",Pendiente,T4,EXC-T4-0005,ABRIL,N/A,DANI,,Asociado al monumento principal T4_15057,1. Izamal,,"0",
"193",T3_13411,Montículo Chich,3844729.782,1046089.461,N/A,7010+463,Monumento principal,Sin monumento superior,Ceros tren,Si,No aplica,2022/03/16,2022/03/17,"406",24,4,16,"0",Intervenido,Excavado,"21023","2",Pendiente,T4,EXC-T4-0002,ABRIL,N/A,DANI,"0",Sin monumento superior ,1. Izamal,,"0",
"194",T3_13413,Afloramiento acondicionado,3844777.934,1046086.946,N/A,7010+510,Monumento principal,Sin monumento superior,Ceros tren,Si,No aplica,2022/03/16,2022/03/18,"406",10.5,4,16,"3",Intervenido,Excavado,"21023","2",Pendiente,T4,EXC-T4-0002,ABRIL,N/A,DANI,"0",Sin monumento superior ,1. Izamal,,"0",
"195",T4_04018,Cimiento con núcleo,3903013.873,1033068.248,N/A,7074+385,Monumento superior,Asociado al monumento principal T4_01016,Derecho de vía tren,No aplica,Si,2022/02/21,2022/03/22,"402,406",12.25,0,0,"5",Intervenido,Registrado sin excavar,"21023","2",Pendiente,T4,EXC-T4-0003,ABRIL,N/A,,,,2. Valladolid,,"0",
"196",T4_05010,Nivelación,3907903.949,1034529.382,134+139,N/A,Monumento principal,Sin monumento superior,Derecho de vía Autopista,No aplica,SI,2022/02/18,2022/02/28,"404",780,1,4,"1",Intervenido,Excavado,"21023","2",Pendiente,T4,,MARZO,N/A,,,,2. Valladolid,,"0",
"197",T4_16048,Terraza,3907589.608,1034499.188,133+786,N/A,Monumento principal,Sin monumento superior,Derecho de vía Autopista,No aplica,SI,2022/02/11,2022/02/16,"404",70,4,16,"4",Intervenido,Excavado,"21023","2",Pendiente,T4,,MARZO,N/A,,,,2. Valladolid,,"0",
"198",T3_12538,Basamento,3844619.841,1046111.114,N/A,7010+349,Monumento superior,Asociado al monumento principal T3_13408,Ceros tren,Si,No aplica,2022/03/08,2022/03/18,"409",40,2,8,"5",Intervenido,Excavado,"21023","2",Pendiente,T4,EXC-T4-0002,ABRIL,N/A,DANI,"0",T4_12538,1. Izamal,,"0",
"199",T3_12536,Afloramiento acondicionado,3844611.982,1046131.967,N/A,7010+337,Monumento principal,Sin monumento superior,Ceros tren,Si,No aplica,2022/03/16,2022/03/17,"408",36,2,8,"1",Intervenido,Excavado,"21023","2",Pendiente,T4,EXC-T4-0002,ABRIL,N/A,DANI,"0",Sin monumento superior ,1. Izamal,,"0",
"200",T3_13409,Afloramiento acondicionado,3844626.174,1046111.846,N/A,7010+355,Monumento principal,Sin monumento superior,Ceros tren,Si,No aplica,2022/03/15,2022/03/17,"408",12,0,0,"0",Intervenido,Excavado,"21023","2",Pendiente,T4,EXC-T4-0002,ABRIL,N/A,DANI,"0",Sin monumento superior ,1. Izamal,,"0",
"201",T3_13410,Cimiento,3844655.38,1046111.205,N/A,7010+384,Monumento principal,Sin monumento superior,Ceros tren,Si,No aplica,2022/03/11,2022/03/15,"402",12,9,36,"0",Intervenido,Excavado,"21023","2",Pendiente,T4,EXC-T4-0002,ABRIL,N/A,DANI,"0",Sin monumento superior ,1. Izamal,,"0",
"202",T3_13412,Basamento,3844787.601,1046070.629,N/A,7010+524,Monumento principal,Sin monumento superior,Ceros tren,Si,No aplica,2022/03/16,,"402",10,13,52,"2",Intervenido,Excavado,"21023","2",Pendiente,T4,EXC-T4-0002,ABRIL,N/A,DANI,"0",Sin monumento superior ,1. Izamal,,"2",
"203",T3_13400,Cimiento con núcleo,3843825.789,1046208.711,N/A,7009+543,Monumento principal,Sin monumento superior,Ceros tren,Si,No aplica,2022/03/08,2022/03/15,"403",24,1,4,"1",Intervenido,Excavado,"21023","2",Pendiente,T4,EXC-T4-0002,ABRIL,N/A,DANI,"0",Sin monumento superior ,1. Izamal,,"0",
"204",T3_13399,Cimiento con núcleo,3843817.674,1046212.704,N/A,7009+534,Monumento principal,Sin monumento superior,Ceros tren,Si,No aplica,2022/03/08,2022/03/14,"403",22,3,12,"2",Intervenido,Excavado,"21023","2",Pendiente,T4,EXC-T4-0002,ABRIL,N/A,DANI,"0",Sin monumento superior ,1. Izamal,,"0",
"205",T3_12531,Montículo Chich,3843808.785,1046218.71,N/A,7009+525,Monumento principal,Sin monumento superior,Ceros tren,Si,No aplica,2022/03/08,2022/03/14,"403",9.45,2,8,"3",Intervenido,Excavado,"21023","2",Pendiente,T4,EXC-T4-0002,ABRIL,N/A,DANI,"0",Sin monumento superior ,1. Izamal,,"0",
"206",T4_19002,Sascabera,3843834.871,1046214.768,N/A,7009+551,Monumento principal,Sin monumento superior,Ceros tren,Si,No aplica,2022/03/14,2022/03/15,"403",24,6,24,"0",Intervenido,Excavado,"21023","2",Pendiente,T4,EXC-T4-0002,ABRIL,N/A,DANI,"0",Sin monumento superior ,1. Izamal,,"0",
"207",T3_13407,Cimiento,3844597.194,1046119.917,N/A,7010+325,Monumento superior,Asociado al monumento principal T3_13408,Ceros tren,Si,No aplica,2022/03/15,2022/03/17,"408",120,1,4,"0",Intervenido,Excavado,"21023","2",Pendiente,T4,EXC-T4-0002,ABRIL,N/A,DANI,"0",T3_03408,1. Izamal,Sin reticula,"4",
"208",T3_13408,Cimiento con núcleo,3844604.422,1046114.753,N/A,7010+334,Monumento principal,"T3_12538,T3_13407,T3_13409",Ceros tren,Si,No aplica,2022/03/09,2022/03/16,"408,409",16,0,0,"0",Intervenido,Excavado,"21023","2",Pendiente,T4,EXC-T4-0002,ABRIL,N/A,DANI,,,1. Izamal,,"0",
"209",T3_12533,Cimiento con núcleo,3844365.025,1046170.97,N/A,7010+100,Monumento principal,Sin monumento superior,Ceros tren,Si,No aplica,2022/03/11,,"401",20,1,4,"0",Intervenido,Excavado,"21023","2",Pendiente,T4,EXC-T4-0002,MARZO,N/A,DANI,"0",T3_12533,1. Izamal,,"2",
"210",T4_20002,Nivelación,3843246.175,1046289.831,N/A,7009+000,Monumento superior,Asociado al monumento principal T4_20001,Ceros tren,Si,No aplica,2022/03/02,2022/03/10,"402",0,0,0,"0",Intervenido,Excavado,"21023","2",Pendiente,T4,EXC-T4-0002,MARZO,N/A,DANI,,Asociado al monumento principal T4_20001,1. Izamal,,"0",
"211",T4_20001,Afloramiento acondicionado,3843244.307,1046281.146,N/A,7009+000,Monumento principal,T4_20002,Ceros tren,Si,No aplica,2022/03/02,2022/03/10,"402",4,5,20,"5",Intervenido,Excavado,"21023","2",Pendiente,T4,EXC-T4-0002,MARZO,N/A,DANI,"0",T4_20002,1. Izamal,,"0",
"212",T3_13395,Basamento,3842991.216,1046307.207,N/A,7008+699,Monumento principal,"T3_12526,T3_12527",Ceros tren,Si,No aplica,2022/03/09,2022/04/06,"406,407,410",1343.1,113,84,"29",Intervenido,Excavado,"21023","2",Pendiente,T4,EXC-T4-0002,MAYO,N/A,DANI,"0","T3_12526, T3_12527, T3_12528",1. Izamal,Sin reticula,"4",
"213",T3_12528,Cimiento compuesto,3842997.881,1046332.152,N/A,7008+704,Monumento principal,Sin monumento superior,Ceros tren,Si,No aplica,2022/03/09,2022/04/06,"410",96,0,0,"0",Intervenido,Excavado,"21023","2",Pendiente,T4,EXC-T4-0002,MAYO,N/A,DANI,,Asociado al monumento principal T3_13395,1. Izamal,Sin reticula,"4",
"214",T3_12527,Cimiento compuesto,3842989.561,1046319.296,N/A,7008+696,Monumento superior,Asociado al monumento principal T3_13395,Ceros tren,Si,No aplica,2022/03/09,2022/04/06,"407,410",8.75,0,0,"0",Intervenido,Excavado,"21023","2",Pendiente,T4,EXC-T4-0002,MAYO,N/A,DANI,,Asociado al monumento principal T3_13395,1. Izamal,Sin reticula,"4",
"215",T3_12526,Cimiento con núcleo,3842982.789,1046316.289,N/A,7008+690,Monumento superior,Asociado al monumento principal T3_13395,Ceros tren,Si,No aplica,2022/03/09,2022/04/06,"410,407",14,0,0,"0",Intervenido,Excavado,"21023","2",Pendiente,T4,EXC-T4-0002,MAYO,N/A,DANI,,Asociado al monumento principal T3_13395,1. Izamal,Sin reticula,"4",
"216",T3_12529,Nivelación,3843246.031,1046269.901,N/A,7008+957,Monumento principal,Sin monumento superior,Ceros tren,Si,No aplica,2022/03/02,2022/03/10,"401",432,20,80,"5",Intervenido,Excavado,"21023","2",Pendiente,T4,EXC-T4-0002,MARZO,N/A,DANI,"0",Sin monumento superior ,1. Izamal,,"0",
"217",T3_12530,Nivelación,3843304.913,1046276.321,N/A,7009+016,Monumento principal,Sin monumento superior,Ceros tren,Si,No aplica,2022/03/07,2022/03/08,"406",332.5,5,20,"1",Intervenido,Excavado,"21023","2",Pendiente,T4,EXC-T4-0002,ABRIL,N/A,DANI,"0",Sin monumento superior ,1. Izamal,,"0",
"218",T3_13391,Basamento,3842906.1,1046320.01,N/A,7008+613,Monumento principal,Sin monumento superior,Ceros tren,Si,No aplica,2022/03/01,2022/03/07,"409",350,4,16,"1",Intervenido,Excavado,"21023","2",Pendiente,T4,EXC-T4-0002,ABRIL,N/A,DANI,"0",T4_13391,1. Izamal,,"0",
"219",T3_13392,Basamento,3842902.302,1046326.647,N/A,7008+608,Monumento principal,Sin monumento superior,Ceros tren,Si,No aplica,2022/03/01,2022/03/07,"408",350,2,8,"2",Intervenido,Excavado,"21023","2",Pendiente,T4,EXC-T4-0002,ABRIL,N/A,DANI,"0",Sin monumento superior ,1. Izamal,,"0",
"220",T3_13393,Cimiento,3842911.321,1046320.531,N/A,7008+618,Monumento principal,Sin monumento superior,Ceros tren,Si,No aplica,2022/03/01,,"407",16,4,16,"5",Intervenido,Excavado,"21023","2",Pendiente,T4,EXC-T4-0002,ABRIL,N/A,DANI,"0",Sin monumento superior ,1. Izamal,,"4",
"221",T4_17038,Cimiento,3842987.871,1046280.572,N/A,7008+698,Monumento principal,Sin monumento superior,Ceros tren,Si,No aplica,2022/03/02,2022/03/04,"403",130,3,12,"9",Intervenido,Excavado,"21023","2",Pendiente,T4,EXC-T4-0002,MARZO,N/A,DANI,"0",Sin monumento superior ,1. Izamal,,"0",
"222",T4_16050,Cimiento,3907895.446,1034522.52,134+126,N/A,Monumento superior,Asociado al monumento principal T4_03014,Derecho de vía Autopista,No aplica,SI,2022/02/24,2022/02/23,"404",10.85,7,28,"5",Intervenido,Excavado,"21023","2",Pendiente,T4,EXC-T4-0001,MARZO,N/A,,"0",Asociado al monumento principal T4_16051,2. Valladolid,,"0",
"223",T4_16051,Basamento,3907912.599,1034546.544,134+147,N/A,Monumento principal,Sin monumento superior,Derecho de vía Autopista,No aplica,SI,2022/02/24,2022/02/23,"402,404,405",0,0,0,"0",Intervenido,Excavado,"21023","2",Pendiente,T4,EXC-T4-0001,MARZO,N/A,,"0","T4_04013,T4_16050,T4_16051",2. Valladolid,,"0",
"224",T4_16052,Otro,3907893.2,1034528.559,134+125,N/A,Monumento superior,Asociado al monumento principal T4_03014,Derecho de vía Autopista,No aplica,SI,2022/02/22,2022/02/23,"405",4,2,8,"3",Intervenido,Excavado,"21023","2",Pendiente,T4,EXC-T4-0001,ABRIL,N/A,,"0",Sin monumento superior ,2. Valladolid,,"0",
"225",T4_04013,Cimiento,3907911.776,1034533.044,134+144,N/A,Monumento principal,Sin monumento superior,Derecho de vía Autopista,No aplica,SI,2022/02/24,2022/02/23,"404",10.85,7,28,"4",Intervenido,Excavado,"21023","2",Pendiente,T4,EXC-T4-0001,MARZO,N/A,,,Asociado al monumento principal T4_16051,2. Valladolid,,"0",
"226",T4_03024,Basamento,3916956.385,1037367.73,N/A,7089+060,Monumento principal,Sin monumento superior,Derecho de vía tren,No aplica,Si,2022/02/25,2022/02/28,"403",1364,1,4,"0",Intervenido,Excavado,"21023","2",Pendiente,T4,EXC-T4-0001,MARZO,N/A,,"0",Sin monumento superior ,2. Valladolid,,"0",
"227",T4_03014,Cimiento,3907899.509,1034531.751,134+132,N/A,Monumento principal,"T4_16052,T4_16050",Derecho de vía Autopista,No aplica,SI,2022/02/21,2022/02/25,"405",175,9,36,"8",Intervenido,Excavado,"21023","2",Pendiente,T4,EXC-T4-0001,MARZO,N/A,,"0",Sin monumento superior ,2. Valladolid,,"0",
"228",T4_01010,Cimiento,3907892.962,1034538.453,134+127,N/A,Monumento principal,Sin monumento superior,Derecho de vía Autopista,No aplica,SI,2022/02/25,2022/02/28,"405",6.44,0,0,"1",Intervenido,Registrado sin excavar,"21023","2",Pendiente,T4,EXC-T4-0001,MARZO,N/A,,"0",Sin monumento superior ,2. Valladolid,,"0",
"229",T3_13390,Afloramiento acondicionado,3842813.756,1046331.877,N/A,7008+519,Monumento principal,T3_13389,Ceros tren,Si,No aplica,2022/02/24,2022/03/03,"406",0,4,16,"4",Intervenido,Excavado,"21023","2",Pendiente,T4,EXC-T4-0002,MARZO,N/A,DANI,"0",T4_13389,1. Izamal,,"0",
"230",T3_13389,Cimiento,3842816.945,1046328.821,N/A,7008+523,Monumento superior,Asociado a monumento principal T3_13390,Ceros tren,Si,No aplica,2022/02/24,2022/03/03,"406",40.04,0,0,"9",Intervenido,Excavado,"21023","2",Pendiente,T4,EXC-T4-0002,MARZO,N/A,DANI,,,1. Izamal,,"0",
"231",T4_01016,Basamento,3903008.971,1033062.855,N/A,7074+378,Monumento principal,"T4_02012,T4_04018",Derecho de vía tren,No aplica,Si,2022/02/07,2022/02/23,"402,406",168,0,0,"0",Intervenido,Registrado sin excavar,"21023","2",Pendiente,T4,EXC-T4-0001,FEBRERO,N/A,,,,2. Valladolid,,"0",
"232",T4_03004,Cueva,3907433.362,1034437.656,133+654,N/A,Monumento principal,Sin monumento superior,Derecho de vía Autopista,No aplica,SI,2022/01/31,2022/01/31,"403",1.4,0,0,"0",Intervenido,Registrado sin excavar,"21023","2",Pendiente,T4,EXC-T4-0001,MARZO,N/A,,,,2. Valladolid,,"0",
"233",T4_04007,Cimiento,3907397.132,1034455.98,133+622,N/A,Monumento principal,Sin monumento superior,Derecho de vía Autopista,No aplica,SI,2022/02/04,2022/02/08,"402",19.6,0,0,"0",Intervenido,Registrado sin excavar,"21023","2",Pendiente,T4,EXC-T4-0001,FEBRERO,N/A,,,,2. Valladolid,,"0",
"234",T4_03017,Cimiento,3907393.063,1034440.013,133+615,N/A,Monumento superior,Asociado a monumento principal T4_04008,Derecho de vía Autopista,No aplica,SI,2022/02/04,2022/02/07,"402",7.5,0,0,"0",Intervenido,Excavado,"21023","2",Pendiente,T4,EXC-T4-0001,FEBRERO,N/A,,,,2. Valladolid,,"0",
"235",T4_01013,Cimiento,3907400.489,1034438.986,133+622,N/A,Monumento superior,Asociado a monumento principal T4_04008,Derecho de vía Autopista,No aplica,SI,2022/02/09,2022/02/09,"402",5.4,0,0,"0",Intervenido,Registrado sin excavar,"21023","2",Pendiente,T4,EXC-T4-0001,FEBRERO,N/A,,,,2. Valladolid,,"0",
"236",T4_05002,Cimiento,3907398.702,1034470.035,133+626,N/A,Monumento principal,Sin monumento superior,Derecho de vía Autopista,No aplica,SI,2022/02/07,2022/02/09,"402",48,0,0,"0",Intervenido,Registrado sin excavar,"21023","2",Pendiente,T4,EXC-T4-0001,FEBRERO,N/A,,,,2. Valladolid,,"0",
"237",T4_05003,Cimiento,3907389.211,1034470.234,133+616,N/A,Monumento principal,Sin monumento superior,Derecho de vía Autopista,No aplica,SI,2022/02/07,2022/02/09,"402",9.2,0,0,"0",Intervenido,Registrado sin excavar,"21023","2",Pendiente,T4,EXC-T4-0001,FEBRERO,N/A,,,,2. Valladolid,,"0",
"238",T4_02010,Cimiento,3907388.518,1034432.494,133+609,N/A,Monumento superior,Asociado a monumento principal T4_04008,Derecho de vía Autopista,No aplica,SI,2022/02/01,2022/02/10,"404",42,4,16,"3",Intervenido,Excavado,"21023","2",Pendiente,T4,EXC-T4-0001,FEBRERO,N/A,,,,2. Valladolid,,"0",
"239",T4_03015,Cimiento con pretil,3907568.115,1034478.538,133+795,N/A,Monumento superior,Asociado a monumento principal T4_02008,Derecho de vía Autopista,No aplica,SI,2022/02/09,2022/02/15,"405",12,3,12,"4",Intervenido,Registrado sin excavar,"21023","2",Pendiente,T4,EXC-T4-0001,MARZO,N/A,,,,2. Valladolid,,"0",
"240",T4_05011,Cimiento,3907573.343,1034496.61,133+803,N/A,Monumento superior,Asociado a monumento principal T4_02008,Derecho de vía Autopista,No aplica,SI,2022/02/09,2022/02/14,"402",0,0,0,"5",Intervenido,Registrado sin excavar,"21023","2",Pendiente,T4,EXC-T4-0001,MARZO,N/A,,,,2. Valladolid,,"0",
"241",T4_04010,Cimiento,3907818.141,1034418.748,N/A,7079+411,Monumento superior,Asociado a monumento principal T4_03005,Derecho de vía tren,No aplica,Si,2022/01/26,2022/01/31,"405",0,0,0,"0",Intervenido,Registrado sin excavar,"21023","2",Pendiente,T4,EXC-T4-0001,FEBRERO,N/A,,,,2. Valladolid,,"0",
"242",T4_04037,Cimiento,3904015.867,1033407,130+064,N/A,Monumento superior,Asociado a monumento principal T4_01040,Derecho de vía Autopista,No aplica,SI,2022/01/21,2022/01/26,"405",4.01,0,0,"0",Intervenido,Registrado sin excavar,"21023","2",Pendiente,T4,EXC-T4-0001,FEBRERO,N/A,,,,2. Valladolid,,"0",
"243",T4_03011,Haltun,3907535.28,1034352.341,N/A,7079+119,Monumento principal,Sin monumento superior,Derecho de vía tren,No aplica,Si,2022/01/26,2022/01/27,"401",0,0,0,"0",Intervenido,Excavado,"21023","2",Pendiente,T4,EXC-T4-0001,FEBRERO,N/A,,,,2. Valladolid,,"0",
"244",T4_05024,Cimiento con pretil,3904043.652,1033395.133,130+088,N/A,Monumento superior,Asociado al monumento principal T4_01040,Derecho de vía Autopista,No aplica,SI,2022/01/21,2022/01/28,"405",7,0,0,"0",Intervenido,Excavado,"21023","2",Pendiente,T4,EXC-T4-0001,FEBRERO,N/A,,,,2. Valladolid,,"0",
"245",T4_01009,Basamento,3907549.251,1034358.539,N/A,7079+134,Monumento principal,Sin monumento superior,Derecho de vía tren,No aplica,Si,,,"401",36,0,0,,Intervenido,Excavado,"21023","2",Pendiente,T4,EXC-T4-0001,,N/A,,,,2. Valladolid,,"5",
"246",T4_01008,Cimiento,3907545.587,1034352.375,N/A,7079+130,Monumento principal,Sin monumento superior,Derecho de vía tren,No aplica,Si,,,"401",40,1,4,"0",Intervenido,Excavado,"21023","2",Pendiente,T4,EXC-T4-0001,,N/A,,,,2. Valladolid,,"5",
"247",T4_05008,Cimiento con pretil,3907518.712,1034347.226,N/A,7079+102,Monumento principal,Sin monumento superior,Derecho de vía tren,No aplica,Si,,,"401",20,1,4,,Intervenido,Excavado,"21023","2",Pendiente,T4,EXC-T4-0001,,N/A,,,,2. Valladolid,Sin reticula,"5",
"248",T4_04038,Cimiento con núcleo,3904053.045,1033400.139,130+098,N/A,Monumento principal,Sin monumento superior,Derecho de vía Autopista,No aplica,SI,2022/01/21,2022/01/26,"405",14,0,0,"0",Intervenido,Registrado sin excavar,"21023","2",Pendiente,T4,EXC-T4-0001,FEBRERO,N/A,,,,2. Valladolid,Sin reticula,"5",
"249",T4_14196,Cuarto,3934177.257,1039746.264,N/A,7106+684,Monumento principal,Sin monumento superior,Derecho de vía tren,No aplica,Si,2022/01/14,2022/01/20,"404",6.66,4,16,"18",Intervenido,Excavado,"21023","2",Pendiente,T4,EXC-T4-0001,FEBRERO,N/A,,,,2. Valladolid,,"0",
"250",T4_01040,Basamento,3904028.507,1033393.524,130+073,N/A,Monumento principal,"T4_05024,T4_04037",Derecho de vía Autopista,No aplica,SI,2022/01/21,2022/01/28,"405",940,0,0,"1",Intervenido,Registrado sin excavar,"21023","2",Pendiente,T4,EXC-T4-0001,FEBRERO,N/A,,,,2. Valladolid,,"0",
"251",T4_03003,Chultún,3908422.09,1034540.261,N/A,7080+029,Monumento principal,Sin monumento superior,Derecho de vía tren,No aplica,Si,2022/01/18,2022/01/18,"403",2.3,2,8,"3",Intervenido,Excavado,"21023","2",Pendiente,T4,EXC-T4-0001,FEBRERO,N/A,,,,2. Valladolid,,"0",
"252",T4_04008,Nivelación,3907415.875,1034437.317,133+637,N/A,Monumento principal,"T4_02010,T4_01013,T4_03017",Derecho de vía Autopista,No aplica,SI,2022/02/01,2022/01/31,"404",79.5,7,28,"9",Intervenido,Registrado sin excavar,"21023","2",Pendiente,T4,EXC-T4-0001,FEBRERO,N/A,,,,2. Valladolid,,"0",
"253",T4_04016,Cimiento,3907362.599,1034419.12,133+581,N/A,Monumento principal,Sin monumento superior,Derecho de vía Autopista,No aplica,SI,2022/02/01,2022/02/07,"405",16,1,4,"1",Intervenido,Excavado,"21023","2",Pendiente,T4,EXC-T4-0001,FEBRERO,N/A,,,,2. Valladolid,,"0",
"254",T4_03019,Afloramiento acondicionado,3903918.317,1033297.593,N/A,7075+321,Monumento principal,Sin monumento superior,Derecho de vía tren,No aplica,Si,2022/01/21,2022/01/24,"401",66.6,5,20,"1",Intervenido,Excavado,"21023","2",Pendiente,T4,EXC-T4-0001,FEBRERO,N/A,,"0",Sin monumento superior ,2. Valladolid,,"0",
"255",T4_03005,Basamento,3907821.354,1034417.905,N/A,7079+414,Monumento principal,T4_04010,Derecho de vía tren,No aplica,Si,2022/01/26,2022/01/31,"405",360,2,8,"2",Intervenido,Excavado,"21023","2",Pendiente,T4,EXC-T4-0001,FEBRERO,N/A,,,,2. Valladolid,,"0",
"256",T4_03084,Sascabera,3944036.264,1043438.755,171+891,N/A,Monumento principal,Sin monumento superior,Derecho de vía Autopista,No aplica,SI,2022/01/19,2022/01/19,"403",143,0,0,"0",Intervenido,Registrado sin excavar,"21023","2",Pendiente,T4,EXC-T4-0001,FEBRERO,N/A,,,,2. Valladolid,Sin reticula,"0",
"257",T4_01002,Cimiento,3908048.959,1034458.251,N/A,7079+646,Monumento principal,Sin monumento superior,Derecho de vía tren,No aplica,Si,2022/01/27,2022/02/02,"403",23.46,5,20,"6",Intervenido,Excavado,"21023","2",Pendiente,T4,EXC-T4-0001,FEBRERO,N/A,,,,2. Valladolid,,"0",
"258",T4_02044,Nivelación,3934171.049,1039820.177,N/A,7106+697,Monumento principal,Sin monumento superior,Derecho de vía tren,No aplica,Si,2022/01/12,2022/01/17,"403",360,10,40,"16",Intervenido,Excavado,"21023","2",Pendiente,T4,EXC-T4-0001,FEBRERO,N/A,,,,2. Valladolid,,"0",
"259",T4_03083,Nivelación,3934172.017,1039759.95,N/A,7106+682,Monumento principal,T4_14196,Derecho de vía tren,No aplica,Si,2022/01/14,2022/01/20,"404",192,33,132,"62",Intervenido,Excavado,"21023","2",Pendiente,T4,EXC-T4-0001,FEBRERO,N/A,,,,2. Valladolid,,"0",
"260",T4_03012,Nivelación,3907545.151,1034370.427,N/A,7079+132,Monumento principal,T4_01009,Derecho de vía tren,No aplica,Si,2022/01/26,2022/01/27,"401",870,1,4,"1",Intervenido,Excavado,"21023","2",Pendiente,T4,EXC-T4-0001,FEBRERO,N/A,,,,2. Valladolid,,"0",
"261",T4_02008,Nivelación,3907571.429,1034480.654,133+798,N/A,Monumento principal,"T4_03015,T4_05011,T4_16049",Derecho de vía Autopista,No aplica,SI,2022/02/09,2022/02/16,"405,402",1305,20,80,"17",Intervenido,Excavado,"21023","2",Pendiente,T4,EXC-T4-0001,MARZO,N/A,,,,2. Valladolid,,"0",
"262",T4_04014,Basamento,3907601.341,1034483.479,133+829,N/A,Monumento principal,T4_16047,Derecho de vía Autopista,No aplica,SI,2022/02/14,2022/02/17,"401",720,12,48,"12",Intervenido,Excavado,"21023","2",Pendiente,T4,EXC-T4-0001,MARZO,N/A,,"0",Sin monumento superior ,2. Valladolid,,"0",
"263",T4_16047,Terraza,3907607.797,1034481.651,133+835,N/A,Monumento superior,Asociado a monumento principal T4_04014,Derecho de vía Autopista,No aplica,SI,2022/02/14,2022/02/17,"406",140,2,8,"8",Intervenido,Excavado,"21023","2",Pendiente,T4,EXC-T4-0001,MARZO,N/A,,,,2. Valladolid,,"0",
"264",T4_16049,Nivelación,3907582.3,1034490.233,133+811,N/A,Monumento superior,Asociado a monumento principal T4_02008,Derecho de vía Autopista,No aplica,SI,2022/02/09,2022/02/17,"402",0,0,0,"5",Intervenido,Excavado,"21023","2",Pendiente,T4,EXC-T4-0001,MARZO,N/A,,,,2. Valladolid,,"0",
"265",T4_06001,Pozo,3907230.884,1034381.042,133+444,N/A,Monumento principal,Sin monumento superior,Derecho de vía Autopista,No aplica,SI,2022/03/02,2022/02/03,"403",0.8,0,0,"0",Intervenido,Registrado sin excavar,"21023","2",Pendiente,T4,EXC-T4-0001,MARZO,N/A,,,,2. Valladolid,,"0",
"266",T4_05015,Basamento,3921352.274,1038779.351,N/A,7093+697,Monumento principal,Sin monumento superior,Derecho de vía tren,No aplica,Si,2022/02/22,2022/02/24,"401",1200,1,4,"2",Intervenido,Excavado,"21023","2",Pendiente,T4,EXC-T4-0001,MARZO,N/A,,"0","T4_03026,T4_01020,T4_21001,T4_21002",2. Valladolid,,"0",
"267",T3_12547,Cimiento,3845094.87,1045945.096,N/A,7010+860,Monumento superior,Asociado al monumento principal T3_12546,Ceros tren,Si,No aplica,2022/03/25,2022/04/01,"401",0,0,0,"0",Intervenido,Excavado,"21023","2",Pendiente,T4,EXC-T4-0005,ABRIL,N/A,DANI,,Asociado al monumento principal T3_12546,1. Izamal,,"0",
"268",T3_12559,Cimiento con núcleo,3845784.421,1045313.83,N/A,7011+803,Monumento superior,Asociado al monumeto principal T3_12558,Ceros tren,Si,No aplica,2022/04/13,2022/04/29,"401",24,7,28,"7",Intervenido,Excavado,"21023","2",Pendiente,T4,EXC-T4-0005,,N/A,DANI,,Asociado al monumento principal T3_12558,1. Izamal,,"0",
"269",T3_12560,Cueva,3845767.099,1045318.288,N/A,7011+790,Monumento superior,Asociado al monumento principal T3_12558,Ceros tren,Si,No aplica,2022/04/13,2022/04/29,"401",20,1,4,"0",Intervenido,Excavado,"21023","2",Pendiente,T4,EXC-T4-0005,,N/A,DANI,,Asociado al monumento principal T3_12558,1. Izamal,,"0",
"270",T4_10413,Haltun,3963303.823,1051451.839,N/A,7138+228,Monumento principal,Sin monumento superior,Derecho de vía tren,No aplica,Si,2022/04/06,2022/04/26,"414",,,,,Intervenido,Excavado,"21023","2",Pendiente,T4,,DESCARTADO,N/A,,,,3. Tintal,,"0",
"271",T3_13433,Cimiento con núcleo,3845680.291,1045373.624,N/A,7011+697,Monumento principal,Sin monumento superior,Ceros tren,Si,No aplica,2022/04/11,2022/04/28,"410",16,2,8,"1",Intervenido,Excavado,"21023","2",Pendiente,T4,EXC-T4-0005,,N/A,DANI,,Asociado al monumento principal T3_13431,1. Izamal,Sin reticula,"4",
"272",T3_13432,Cimiento,3845683.849,1045381.228,N/A,7011+693,Monumento principal,Sin monumento superior,Ceros tren,Si,No aplica,2022/04/11,2022/04/28,"410",24,1,4,"1",Intervenido,Excavado,"21023","2",Pendiente,T4,EXC-T4-0005,,N/A,DANI,,Asociado al monumento principal T3_13431,1. Izamal,Sin reticula,"4",
"273",T4_16042,Cimiento con núcleo,3847089.205,3847089.205,N/A,7014+978,Monumento principal,Sin monumento superior,Ceros tren,Si,No aplica,2022/05/26,2022/05/27,"402",20,10,40,"4",Intervenido,Excavado,"21023","2",Pendiente,T4,EXC-T4-0008,JUNIO_2,N/A,DANI,,,1. Izamal,Sin reticula,"2",
"274",T4_10451,Cimiento con núcleo,3847079.194,1042431.188,N/A,7014+975,Monumento superior,Asociado a monumento principal T4_10452,Ceros tren,Si,No aplica,2022/05/25,,"402",8,1,4,"1",Intervenido,Excavado,"21023","2",Pendiente,T4,EXC-T4-0008,,N/A,DANI,,,1. Izamal,Sin reticula,"2",
"275",T4_10450,Cimiento,3847097.034,1042416.341,N/A,7014+996,Monumento principal,Sin monumento superior,Ceros tren,Si,No aplica,2022/05/18,,"402",48,12,48,"6",Intervenido,Excavado,"21023","2",Pendiente,T4,EXC-T4-0008,JUNIO_2,N/A,DANI,"0",,1. Izamal,Sin reticula,"2",
"276",T4_14171,Terraza,3846849.564,1043000.365,N/A,7014+359,Monumento superior,Asociado al monumento principal T4_04794,Ceros tren,Si,No aplica,2022/05/20,2022/05/23,"408",,0,,"0",Intervenido,Excavado,"21023","2",Pendiente,T4,EXC-T4-0008,,N/A,DANI,,Asociado al monumento principal T4_04794,1. Izamal,Sin reticula,"2",
"277",T4_14170,Cimiento,3846847.514,1043012.802,N/A,7014+347,Monumento superior,Asociado al monumento principal T4_04794,Ceros tren,Si,No aplica,2022/05/20,2022/05/23,"408",,0,,"0",Intervenido,Excavado,"21023","2",Pendiente,T4,EXC-T4-0008,,N/A,DANI,,Asociado al monumento principal T4_04794,1. Izamal,Sin reticula,"5",
"278",T4_04796,Basamento,3846880.373,1043011.266,N/A,7014+362,Monumento principal,T4_04797,Ceros tren,Si,No aplica,2022/05/16,,"401",,,,,Intervenido,Excavado,"21023","2",Pendiente,T4,,,N/A,DANI,,,1. Izamal,Sin reticula,"2",
"279",T4_04795,Terraza,3846857.086,1043008.503,N/A,7014+355,Monumento principal,Sin monumento superior,Ceros tren,Si,No aplica,2022/05/16,,"408",,,,,Intervenido,Excavado,"21023","2",Pendiente,T4,EXC-T4-0008,,N/A,DANI,,,1. Izamal,Sin reticula,"2",
"280",T4_04794,Nivelación,3846851.292,1043012.75,N/A,7014+349,Monumento principal,T4_14170,Ceros tren,Si,No aplica,2022/05/20,2022/05/23,"408",362,2,8,"0",Intervenido,Excavado,"21023","2",Pendiente,T4,EXC-T4-0008,,N/A,DANI,,"T4_14171,T4_14170",1. Izamal,Sin reticula,"2",
"281",T4_04792,Cimiento con núcleo,3846805.466,1043055.44,N/A,7014+290,Monumento principal,Sin monumento superior,Ceros tren,Si,No aplica,2022/05/20,2022/05/23,"401",32,0,0,"0",Intervenido,Excavado,"21023","2",Pendiente,T4,EXC-T4-0008,JUNIO,N/A,DANI,"0",,1. Izamal,Sin reticula,"2",
"282",T4_04797,Cimiento,3846881.937,1043015.313,N/A,7014+359,Monumento superior,Asociado al monumento principal T4_04796,Ceros tren,Si,No aplica,2022/05/16,,"401",,,,,Intervenido,Excavado,"21023","2",Pendiente,T4,,,N/A,DANI,,,1. Izamal,Sin reticula,"2",
"283",T4_14173,Cimiento,3846858.664,1042980.801,N/A,7014+381,Monumento principal,Sin monumento superior,Ceros tren,Si,No aplica,,,"401",,,,,Intervenido,Excavado,"21023","2",Pendiente,T4,EXC-T4-0008,,N/A,DANI,,,1. Izamal,Sin reticula,"5",
"284",T4_14178,Cimiento,3846928.176,1042768.337,N/A,7014+604,Monumento superior,Asociado al monumento principal T4_10354,Ceros tren,Si,No aplica,2022/05/19,2022/06/26,"419",28,7,28,"1",Intervenido,Excavado,"21023","2",Pendiente,T4,EXC-T4-0008,,N/A,DANI,,,1. Izamal,Sin reticula,"2",
"285",T4_14177,Chultún,3846934.731,1042764.704,N/A,7014+610,Monumento superior,Asociado al monumento principal T4_10354,Ceros tren,Si,No aplica,2022/05/18,2022/06/07,"405,419",16,4,16,"5",Intervenido,Excavado,"21023","2",Pendiente,T4,EXC-T4-0008,,N/A,DANI,"0",,1. Izamal,Sin reticula,"2",
"286",T4_04802,Cimiento con núcleo,3846936.918,1042773.627,N/A,7014+603,Monumento superior,Asociado al monumento principal T4_10354,Ceros tren,Si,No aplica,2022/05/18,2022/05/26,"419",36,9,36,"1",Intervenido,Excavado,"21023","2",Pendiente,T4,EXC-T4-0008,,N/A,DANI,,,1. Izamal,Sin reticula,"2",
"287",T4_04801,Cimiento con núcleo,3846954.186,1042767.844,N/A,7014+615,Monumento principal,Sin monumento superior,Ceros tren,Si,No aplica,2022/05/18,2022/05/25,"419",32,8,32,"1",Intervenido,Excavado,"21023","2",Pendiente,T4,EXC-T4-0008,,N/A,DANI,,,1. Izamal,Sin reticula,"2",
"288",T4_12482,Terraza,3846952.659,1042761.74,N/A,7014+620,Monumento principal,Sin monumento superior,Ceros tren,Si,No aplica,2022/05/17,2022/05/24,"419",36,9,36,"1",Intervenido,Excavado,"21023","2",Pendiente,T4,EXC-T4-0008,,N/A,DANI,,,1. Izamal,Sin reticula,"2",
"289",T4_10354,Nivelación,3846941.709,1042766.962,N/A,7014+611,Monumento principal,"T4_14178,T4_14177,T4_04802",Ceros tren,Si,No aplica,2022/05/25,2022/05/26,"419",225,1,4,"4",Intervenido,Excavado,"21023","2",Pendiente,T4,EXC-T4-0008,,N/A,DANI,,"T4_04801,T4_04802,T4_12481,T4_14178,T4_16074,T4_10353,T4_12482,T4_14177,T4_14179",1. Izamal,Sin reticula,"2",
"290",T4_10353,Terraza,3846946.8,1042775.471,N/A,7014+605,Monumento principal,Sin monumento superior,Ceros tren,Si,No aplica,2022/05/18,2022/05/24,"419",32,8,32,"1",Intervenido,Excavado,"21023","2",Pendiente,T4,EXC-T4-0008,,N/A,DANI,,,1. Izamal,Sin reticula,"2",
"291",T4_12481,Cimiento con núcleo,3846948.561,1042753.642,N/A,7014+626,Monumento principal,Sin monumento superior,Ceros tren,Si,No aplica,2022/05/17,2022/05/25,"419",16,4,16,"1",Intervenido,Excavado,"21023","2",Pendiente,T4,EXC-T4-0008,,N/A,DANI,,,1. Izamal,Sin reticula,"2",
"292",T4_11352,Cimiento con núcleo,4028560.303,1074878.379,263+031,7208+410,Monumento principal,Sin monumento superior,Derecho de vía Autopista,No aplica,Si,,,,,,,,Intervenido,Excavado,"21023","2",Pendiente,T4,,,N/A,,,,4. Leona Vicario,Sin reticula,"5",
"293",T4_02052,Cimiento con núcleo,3852252.433,1037398.484,077+778,N/A,Monumento principal,Sin monumento superior,Derecho de vía Autopista,No aplica,No aplica,2022/05/19,,"414,417",,,,,En proceso,En proceso,"21023","2",Pendiente,T4,,,N/A,,,,1. Izamal,Sin reticula,"2",
"294",T4_01098,Cimiento,3852335.598,1037389.312,077+862,N/A,Monumento principal,Sin monumento superior,Derecho de vía Autopista,No aplica,No aplica,2022/06/16,,"414,417",,10,,"5",En proceso,En proceso,"21023","2",Pendiente,T4,,,N/A,,,T4_03096,1. Izamal,Sin reticula,"0",
"295",T4_11348,Basamento,4028654.958,1074899.479,263+130,7208+509,Monumento principal,Sin monumento superior,Derecho de vía Autopista,No aplica,Si,,,"415",,,,,En proceso,En proceso,"21023,21040","2",Pendiente,T4,,,N/A,,,,4. Leona Vicario,Sin reticula,"5",
"296",T4_12333,Afloramiento acondicionado,4028614.331,1074868.623,263+079,7208+458,Monumento principal,Sin monumento superior,Derecho de vía Autopista,No aplica,Si,2022/05/23,,"415",,,,,En proceso,En proceso,"21023,21040","2",Pendiente,T4,,,N/A,,,,4. Leona Vicario,Sin reticula,"2",
"297",T4_04551,Basamento,4028657.622,1074920.738,263+142,7208+521,Monumento principal,Sin monumento superior,Derecho de vía Autopista,No aplica,Si,2022/05/25,,"415",,,,,En proceso,En proceso,"21023,21040","2",Pendiente,T4,,,N/A,,,,4. Leona Vicario,Sin reticula,"2",
"298",T4_04903,Cimiento con núcleo,3849175.757,1038133.718,N/A,7019+778,Monumento principal,Sin monumento superior,Ceros tren,Si,No aplica,2022/05/25,2022/05/26,"407",14,1,4,"1",Intervenido,Excavado,"21023,21040","2",Pendiente,T4,EXC-T4-0008,JUNIO,Si,DANI,"0",,1. Izamal,Sin reticula,"2",
"299",T4_04916,Cimiento,3848915.707,1038603.423,N/A,7019+239,Monumento principal,Sin monumento superior,Ceros tren,Si,No aplica,2022/05/26,2022/05/27,"407",21.16,1,4,"0",Intervenido,Excavado,"21023,21040","2",Pendiente,T4,EXC-T4-0008,JUNIO,Si,DANI,"0",,1. Izamal,Sin reticula,"2",
"300",T4_16020,Cimiento con núcleo,3848376.16,1039766.148,N/A,7017+952,Monumento principal,Sin monumento superior,Ceros tren,Si,No aplica,2022/06/06,2022/06/10,"408",21,1,4,"0",Intervenido,Excavado,"21023,21040","2",Pendiente,T4,EXC-T4-0008,,Si,DANI,,,1. Izamal,Sin reticula,"0",
"301",T4_04965,Montículo Chich,3848381.392,1039757.365,N/A,7017+962,Monumento principal,Sin monumento superior,Ceros tren,Si,No aplica,2022/06/06,2022/06/10,"408",8,1,4,"0",Intervenido,Excavado,"21023,21040","2",Pendiente,T4,EXC-T4-0008,,Si,DANI,,,1. Izamal,Sin reticula,"0",
"302",T4_15031,Cimiento con núcleo,3848383.433,1039762.253,N/A,7017+959,Monumento principal,Sin monumento superior,Ceros tren,Si,No aplica,2022/06/06,2022/06/10,"408",4,2,8,"0",Intervenido,Excavado,"21023,21040","2",Pendiente,T4,EXC-T4-0008,,Si,DANI,,,1. Izamal,Sin reticula,"0",
"303",T4_15030,Cimiento con núcleo,3848385.574,1039757.021,N/A,7017+964,Monumento principal,Sin monumento superior,Ceros tren,Si,No aplica,2022/06/06,2022/06/10,"408",8,1,4,"0",Intervenido,Excavado,"21023,21040","2",Pendiente,T4,EXC-T4-0008,,Si,DANI,,,1. Izamal,Sin reticula,"0",
"304",T4_15029,Cimiento con núcleo,3848392.761,1039760.435,N/A,7017+964,Monumento principal,Sin monumento superior,Ceros tren,Si,No aplica,2022/06/06,2022/06/10,"408",20,1,4,"0",Intervenido,Excavado,"21023,21040","2",Pendiente,T4,EXC-T4-0008,,N/A,DANI,,,1. Izamal,Sin reticula,"0",
"305",T4_16019,Cimiento con núcleo,3848448.4664582,1039640.16496365,,,Monumento principal,Sin monumento superior,,,,2022/06/09,,"405",,,,,Intervenido,Excavado,,,,,,,,,,,1. Izamal,Sin reticula,"0",
"306",T4_03408,Terraza,3860003.1,1036510.12,,,Monumento principal,Sin monumento superior,,,,,,,,,,,,,,,,,,,,,,,1. Izamal,Sin reticula,"5",
"307",T4_14052,Cenote,3890917.07491776,1032364.5671345,,,Monumento principal,Sin monumento superior,,,,2022/05/26,,"402",,,,,En proceso,En proceso,,,,,,,,,,,1. Izamal,Sin reticula,"2",
"308",T4_04945,Cimiento,3848698.07353304,1039045.88481688,,,Monumento superior,Asociado al monumento principal T4_04944,,,,2022/06/07,,"407",,,,,En proceso,En proceso,,,,,,,,,,,1. Izamal,Sin reticula,"0",
"309",T4_04963,Cimiento con núcleo,3848365.71254882,1039696.97532391,,,Monumento principal,Sin monumento superior,,,,2022/06/10,2022/06/14,"405",,,,,Intervenido,Excavado,,,,,,,,,,,1. Izamal,Sin reticula,"0",
"310",T4_04962,Nivelación,3848470.05024372,1039668.64323074,,,Monumento principal,T4_04961,,,,2022/06/13,,"401",,,,,En proceso,En proceso,,,,,,,,,,,1. Izamal,Sin reticula,"0",
"311",T4_04961,Cimiento,3848470.74629387,1039662.92991701,,,Monumento superior,Asociado al monumento principal T4_04962,,,,2022/06/13,2022/06/21,"401",,,,,En proceso,En proceso,,,,,,,,,,,1. Izamal,Sin reticula,"0",
"312",T4_04954,Basamento,3848512.60519305,1039379.73429513,,,Monumento principal,"T4_04953,T4_16017,T4_15021,T4_15022,T4_16016",,,,2022/06/13,,"419",,,,,En proceso,En proceso,,,,,,,,,,,1. Izamal,Sin reticula,"0",
"313",T4_15027,Cimiento con núcleo,3848423.9689956,1039650.82498653,,,Monumento principal,Sin monumento superior,,,,2022/06/13,2022/06/15,"405",,,,,Intervenido,Excavado,,,,,,,,,,,1. Izamal,Sin reticula,"0",
"314",T4_16016,Cimiento,3848519.93201592,1039377.3656145,,,Monumento superior,Asociado al monumento principal T4_04954,,,,2022/06/13,,"419",,,,,En proceso,En proceso,,,,,,,,,,,1. Izamal,Sin reticula,"0",
"315",T4_16029,Cimiento con núcleo,3847781.89913392,1040935.83761311,,,Monumento superior,Asociado al monumento principal T4_04980,,,,2022/06/02,2022/06/07,"401",,,,,Intervenido,Excavado,,,,,,,,,,,1. Izamal,Sin reticula,"0",
"316",T4_15038,Terraza,3847778.38436001,1040940.83721832,,,Monumento superior,Asociado al monumento principal T4_04980,,,,2022/06/02,2022/06/07,"401",,,,,Intervenido,Excavado,,,,,,,,,,,1. Izamal,Sin reticula,"0",
"317",T4_15022,Cimiento,3848508.79984857,1039383.09007606,,,Monumento superior,Asociado al monumento principal T4_04954,,,,2022/06/13,,"419",,,,,En proceso,En proceso,,,,,,,,,,,1. Izamal,Sin reticula,"0",
"318",T4_03096,Albarrada,3852334.32794989,1037384.73228652,,,Monumento superior,Asociado al monumento principal T4_01098,,,,2022/06/16,,"414",,,,,En proceso,En proceso,,,,,,,,,,,1. Izamal,Sin reticula,"0",
"319",T4_16074,Cimiento,3846928.1774134,1042755.00747355,,,Monumento principal,Sin monumento superior,,,,2022/05/16,2022/06/06,"419",,,,,Intervenido,Excavado,,,,,,,,,,,1. Izamal,Sin reticula,"2",
"320",T4_20005,Cimiento,3845969.95532927,1044822.13959705,,,Monumento superior,Asociado al monumento principal T3_13552,,,,2022/06/04,2022/05/13,"402",,,,,Intervenido,Excavado,,,,,,,,,,,1. Izamal,Sin reticula,"0",
