qc_id,fid,id monumento,x,y,tipo,km autopista,km tren,clase de monumento,monumentos superiores,ubicación de intervención,intervención en ceros,intervención en ddv,fecha inicio intervención,fecha fin intervención,id arqueólogo(s),área de monumento (m2),cuadros intervenidos,área intervenida (m2),total bolsas de material,estatus de intervención,tipo de intervención,id enlace,tipo de dictaminación,supervisión de maquinaria,tramo,minuta,entrega,icon_url
"69","70",T3_13430,3845676.216,1045417.741,Afloramiento acondicionado,N/A,7011+658,Monumento principal,Sin monumento superior,Ceros tren,Si,No Aplica,2022/04/05,2022/04/15,"402",14,0,0,"3",Intervenido,Registrado sin excavar,"21023","2",Pendiente,T4,EXC-T4-0005,MAYO,
"0","1",T3_13556,3846263.44797747,1044218.20312936,,,,Monumento principal,Sin monumento superior,Ceros tren,Si,No aplica,,,"409",,,,,Intervenido,Excavado,,,,,,,./0.png
"1","2",T3_13557,3846239.47958837,1044235.9230425,Cueva,,,Monumento principal,Sin monumento superior,Ceros tren,Si,No aplica,,,"409",,,,,Intervenido,Registro sin excavar,,,,,,,./0.png
"2","3",T4_10464,3846068.07530391,1044604.01824298,Cimiento compuesto,,,Monumento superior,Asociado al monumento principal T4_10465,Ceros tren,Si,No aplica,,,"409",,,,,Intervenido,Excavado,,,,,,,./0.png
"3","4",T4_10463,3846072.16134313,1044601.2745291,,,,Monumento principal,Sin monumento superior,Ceros tren,,,,,,,,,,Intervenido,Excavado,,,,,,,./0.png
"4","5",T3_13553,3846690.352,3846690.352,Cimiento con núcleo,,,Monumento principal,Sin monumento superior,Ceros tren,,,2022/05/09,2022/05/13,"419",,,,,Intervenido,Excavado,"21023",,,T4,,,./0.png
"5","6",T3_13554,3846697.725,3846697.725,Cimiento con núcleo,,,Monumento principal,Sin monumento superior,Ceros tren,,,2022/05/10,2022/05/13,"419",,,,,Intervenido,Excavado,"21023",,,T4,,,./0.png
"6","7",T4_04876,3849540.877,3849540.877,Cimiento,,,Monumento principal,Sin monumento superior,Ceros tren,,,,,,,,,,Intervenido,Excavado,"21023",,,T4,,,./0.png
"7","8",T4_04878,3849445.462,3849445.462,Terraza,,,Monumento principal,Sin monumento superior,Ceros tren,,,,,,,,,,En proceso,En proceso,"21023",,,T4,,,./1.png
"8","9",T4_04877,3849481.545,3849481.545,Cimiento,,,Monumento principal,Sin monumento superior,Ceros tren,,,,,,,,,,En proceso,En proceso,"21023",,,T4,,,./1.png
"9","10",T4_11349,4028617.175,1074949.216,Albarrada,263+118,N/A,Monumento principal,Sin monumento principal,Derecho de vía Autopista,No aplica,No aplica,2022/01/21,2022/01/26,"415",90,0,0,"0",Intervenido,Excavado,"21023","2",Pendiente,T4,,MAYO,./0.png
"10","11",T4_04820,3977926.261,1056557.791,Cimiento con núcleo,N/A,7153+777,Monumento principal,Sin monumento superior,Derecho de vía tren,No aplica,Si,,,"414",,,,,Intervenido,Excavado,"21023","2",Pendiente,T4,,MAYO,./0.png
"11","12",T4_04819,3977946.305,1056438.314,Cimiento con núcleo,N/A,7153+751,Monumento principal,Sin monumento superior,Derecho de vía tren,No aplica,Si,,,"417",,,,,Intervenido,Excavado,"21023","2",Pendiente,T4,,MAYO,./0.png
"12","13",T4_04818,3977941.06,1056434.636,Cimiento con pretil,N/A,7153+744,Monumento principal,Sin monumento superior,Derecho de vía tren,No aplica,Si,,,"414,417",,,,,Intervenido,Excavado,"21023","2",Pendiente,T4,,MAYO,./0.png
"13","14",T4_14193,3977887.791,1056532.415,Cimiento con núcleo,N/A,7153+731,Monumento principal,Sin monumento principal,Derecho de vía tren,No aplica,Si,,,"417",,,,,Intervenido,Excavado,"21023","2",Pendiente,T4,,MAYO,./0.png
"14","15",T4_14192,3977954.267,1056443.239,Cimiento con núcleo,N/A,7153+760,Monumento principal,Sin monumento superior,Derecho de vía tren,No aplica,Si,,,"414,417",,,,,Intervenido,Excavado,"21023","2",Pendiente,T4,,MAYO,./0.png
"15","16",T4_14191,3977958.343,1056414.812,Cimiento con núcleo,N/A,7153+753,Monumento principal,Sin monumento superior,Derecho de vía tren,No aplica,Si,,,"414",,,,,Intervenido,Excavado,"21023","2",Pendiente,T4,,MAYO,./0.png
"16","17",T3_12545,3845083.607,1045988.039,Cimiento con núcleo,N/A,7010+829,Monumento principal,Sin monumento superior,Ceros tren,Si,No aplica,2022/03/22,2022/03/24,"408,409",24,0,0,"0",Intervenido,Excavado,"21023","2",Pendiente,T4,EXC-T4-0005,MAYO,./0.png
"17","18",T3_13419,3845120.418,1045926.931,Cimiento con núcleo,N/A,7010+891,Monumento principal,Sin monumento superior,Ceros tren,Si,No aplica,2022/04/01,2022/04/05,"409",36,1,6,"1",Intervenido,Excavado,"21023","2",Pendiente,T4,EXC-T4-0005,MAYO,./0.png
"18","19",T3_12535,3844470.354,1046161.781,Cimiento,N/A,7010+192,Monumento principal,Sin monumento superior,Ceros tren,Si,,2022/03/14,2022/03/14,"406",0,0,0,"0",Intervenido,Registro sin excavar,"21023","2",Pendiente,T4,,MAYO,./0.png
"19","20",T4_17053,3977952.008,1056406.758,Montículo Chich,N/A,7153+744,Monumento principal,Sin monumento superior,Derecho de vía tren,No aplica,Si,,,"414,417",,,,,Intervenido,Excavado,"21023","2",Pendiente,T4,,MAYO,./0.png
"20","21",T4_04838,3849964.075,1037411.039,Cimiento con núcleo,N/A,7020+863,Monumento principal,Sin monumento superior,Ceros tren,Si,No Aplica,2022/05/05,,"407",36,1,2,"1",Intervenido,Excavado,"21023","2",Pendiente,T4,,,./0.png
"21","22",T4_12326,4029055.455,1075234.171,Cimiento,263+669,N/A,Monumento superior,Asociado al monumento principal T4_12326,Derecho de vía Autopista,No aplica,SI,2022/05/02,,"416,418,420",,,,,En proceso,En proceso,"21023","2",Pendiente,T4,,,./1.png
"22","23",T4_04836,3849957.701,1037426.024,Cimiento,N/A,7020+851,Monumento superior,Asociado al monumento principal T4_04837,Ceros tren,Si,No Aplica,,,,,,,,Intervenido,Excavado,"21023","2",Pendiente,T4,,,./0.png
"23","24",T4_04837,3849964.967,1037421.65,Nivelación,N/A,N/A,Monumento principal,"T4_09140,T4_04836",Ceros tren,Si,No Aplica,2022/05/06,,"407",0,0,0,"0",En proceso,En proceso,"21023","2",Pendiente,T4,,,./1.png
"24","25",T4_09140,3849958.439,1037430.728,Cimiento,N/A,7020+849,Monumento superior,Asociado al monumento principal T4_04837,Ceros tren,Si,No Aplica,,,,,,,,Intervenido,Excavado,"21023","2",Pendiente,T4,,,./0.png
"25","26",T4_09141,3849971.682,1037437.966,Cimiento con núcleo,N/A,7020+858,Monumento principal,Sin monumento superior,Ceros tren,Si,No Aplica,2022/05/05,,"407",16,1,2,"0",Intervenido,Excavado,"21023","2",Pendiente,T4,,,./0.png
"26","27",T4_09142,3849950.542,1037413.707,Afloramiento acondicionado,N/A,7020+850,Monumento principal,Sin monumento superior,Ceros tren,Si,No Aplica,2022/05/09,,"407",0,0,0,"0",Intervenido,Registro sin excavar,"21023","2",Pendiente,T4,,,./0.png
"27","28",T3_13442,3845785.154,1045198.258,Basamento,N/A,7011+906,Monumento principal,Sin monumento superior,Ceros tren,Si,No Aplica,2022/05/05,2022/05/05,"405",112,2,8,"1",Intervenido,Excavado,"21023","2",Pendiente,T4,EXC-T4-0005,,./0.png
"28","29",T3_13439,3845798.109,1045220.72,Cimiento con núcleo,N/A,7011+891,Monumento principal,Sin monumento superior,Ceros tren,Si,No Aplica,2022/04/25,2022/04/25,"404",14,1,4,"2",Intervenido,Excavado,"21023","2",Pendiente,T4,EXC-T4-0005,,./0.png
"29","30",T3_12563,3845815.98,1045214.197,Basamento,N/A,7011+905,Monumento principal,Sin monumento superior,Ceros tren,Si,No Aplica,2022/04/04,2022/04/05,"404",68,6,24,"2",Intervenido,Excavado,"21023","2",Pendiente,T4,EXC-T4-0005,,./0.png
"30","31",T3_13555,3846429.943,1043837.864,Basamento,N/A,7013+419,Monumento principal,Sin monumento superior,Ceros tren,Si,No Aplica,2022/05/04,2022/05/10,"401",244.792,7,24,"0",Intervenido,Excavado,"21023","2",Pendiente,T4,,,./0.png
"31","32",T3_12561,3845792.93,1045261.688,Histórico,N/A,7011+853,Monumento principal,Sin monuemnto superior,Ceros tren,Si,No Aplica,2022/05/05,2022/05/09,"405",201,2,8,"0",Intervenido,Excavado,"21023","2",Pendiente,T4,EXC-T4-0005,,./0.png
"32","33",T4_10461,3851951.528,1036897.993,Terraza,N/A,7022+919,Monumento principal,Sin monumento superior,Derecho de vía tren,No aplica,Si,2022/04/29,2022/05/03,"413",25,2,8,"1",Intervenido,Excavado,"21023","2",Pendiente,T4,,,./0.png
"33","34",T4_10465,3846060.235,1044606.89,Terraza,N/A,7012+562,Monumento principal,"T4_10463,T4_10454",Ceros tren,Si,No Aplica,2022/05/06,2022/05/06,"408",168,3,6,"3",Intervenido,Excavado,"21023","2",Pendiente,T4,,,./0.png
"34","35",T4_10473,3850015.576,1037387.777,Cimiento,N/A,7020+920,Monumento principal,Sin monumento superior,Ceros tren,Si,No Aplica,,,"406",,,,,Intervenido,Excavado,"21023","2",Pendiente,T4,,,./0.png
"35","36",T4_10470,3850036.951,1037403.322,Cimiento con núcleo,N/A,N/A,Monumento superior,Asociado al monumento principal T4_17044,Ceros tren,Si,No Aplica,,,,,,,,En proceso,En proceso,"21023","2",Pendiente,T4,,,./1.png
"36","37",T4_17045,3850035.831,1037392.427,Cimiento compuesto,N/A,N/A,Monumento superior,Asociado al monumento principal T4_17044,Ceros tren,Si,No Aplica,,,,,,,,Intervenido,Excavado,"21023","2",Pendiente,T4,,,./0.png
"37","38",T4_17044,3850028.466,1037391.386,Nivelación,N/A,N/A,Monumento principal,"T4_10470, T4_10471,T4_10472,T4_17045",Ceros tren,Si,No Aplica,2022/05/06,,"406",1224,2,8,"3",En proceso,En proceso,"21023","2",Pendiente,T4,,,./1.png
"38","39",T4_11345,4029044.292,1075231.02,Nivelación,263+658,N/A,Monumento principal,T4_10239,Derecho de vía Autopista,No aplica,SI,2022/05/02,,"416,418,420",390,13,52,"21",En proceso,En proceso,"21023","2",Pendiente,T4,,,./1.png
"39","40",T4_04859,3929522.133,1039010.884,Nivelación,N/A,7101+945,Monumento principal,T4_04860,Derecho de vía tren,No aplica,Si,2022/04/27,2022/04/29,"414",168,11,36,"6",Intervenido,Excavado,"21023","2",Pendiente,T4,,,./0.png
"40","41",T3_12562,3845806.05,1045228.655,Basamento,N/A,7011+888,Monumento principal,Sin monumento superior,Ceros tren,Si,No Aplica,2022/04/22,2022/04/27,"405",197,2,8,"6",Intervenido,Excavado,"21023","2",Pendiente,T4,EXC-T4-0005,,./0.png
"41","42",T3_13437,3845713.445,1045311.467,Basamento,N/A,7011+770,Monumento principal,T3_13438,Ceros tren,Si,No Aplica,2022/04/25,2022/05/06,"419",,,,,Intervenido,Excavado,"21023","2",Pendiente,T4,EXC-T4-0005,,./0.png
"42","43",T3_12565,3845747.397,1045376.14,Cimiento con núcleo,N/A,7011+732,Monumento superior,Asociado al monumento principal T3_12564,Ceros tren,Si,No Aplica,2022/04/20,2022/04/26,"406",28.7,0,0,"28",Intervenido,Excavado,"21023","2",Pendiente,T4,EXC-T4-0005,MAYO,./0.png
"43","44",T3_12701,3845958.123,1044879.348,Cimiento,N/A,7012+270,Monumento principal,Sin monumento superior,Ceros tren,Si,No Aplica,2022/04/28,,"402",64,15,64,"1",Intervenido,Excavado,"21023","2",Pendiente,T4,,,./0.png
"44","45",T3_12702,3845945.436,1044885.373,Cimiento con núcleo,N/A,7012+259,Monumento principal,Sin monumento superior,Ceros tren,Si,No Aplica,2022/04/29,,"402",16,10,40,"1",Intervenido,En proceso,"21023","2",Pendiente,T4,,,./0.png
"45","46",T3_13438,3845702.625,1045314.62,Cimiento con núcleo,N/A,7011+759,Monumento principal,Sin monumento superior,Ceros tren,Si,No Aplica,,,,,,,,Intervenido,Excavado,"21023","2",Pendiente,T4,EXC-T4-0005,,./0.png
"46","47",T4_10462,3846047.862,1044646.601,Histórico,N/A,7012+520,Monumento principal,T3_13226,Ceros tren,Si,No Aplica,2022/05/03,2022/05/03,"408",168,2,4,"0",Intervenido,Excavado,"21023","2",Pendiente,T4,,,./0.png
"47","48",T4_15060,3845374.523,1045761.41,Afloramiento acondicionado,N/A,7011+197,Monumento principal,Sin monumento superior,Ceros tren,Si,No Aplica,2022/04/12,2022/04/12,"406",45,0,0,"0",Intervenido,Registrado sin excavar,"21023","2",Pendiente,T4,EXC-T4-0005,MAYO,./0.png
"48","49",T4_04556,4028671.246,1074865.356,Basamento,263+129,N/A,Monumento principal,Sin monumento superior,Derecho de vía Autopista,No aplica,SI,2022/04/29,2022/05/10,"415",,,,,Intervenido,En proceso,"21023","2",Pendiente,T4,,,./0.png
"49","50",T3_13552,3845976.075,1044805.454,Basamento,N/A,7012+345,Monumento principal,Sin monumento superior,Ceros tren,Si,No Aplica,2022/05/04,2022/05/13,"402",494,29,116,"12",Intervenido,Excavado,"21023","2",Pendiente,T4,,,./0.png
"50","51",T3_13226,3846053.456,1044637.344,Pozo,N/A,7012+531,Monumento superior,Asociado al monumento principal T4_10462,Ceros tren,Si,No Aplica,2022/04/29,2022/05/03,"408",,,,,Intervenido,Excavado,"21023","2",Pendiente,T4,,,./0.png
"51","52",T4_10239,4029059.608,1075225.411,Terraza,263+666,N/A,Monumento superior,Asociado al monumento principal T4_11345,Derecho de vía Autopista,No aplica,SI,2022/05/02,,"416,418,420",,,,,En proceso,En proceso,"21023","2",Pendiente,T4,,,./1.png
"52","53",T4_04547,4029053.911,1075231.187,Basamento,263+666,N/A,Monumento principal,T4_12326,Derecho de vía Autopista,No aplica,SI,2022/05/02,,"416,418,420",,,,,En proceso,En proceso,"21023","2",Pendiente,T4,,,./1.png
"53","54",T3_13429,3845553.712,1045534.968,Cimiento con núcleo,N/A,7011+487,Monumento principal,Sin monumento superior,Ceros tren,Si,No Aplica,2022/04/18,2022/04/20,"419",30,1,4,"2",Intervenido,Excavado,"21023","2",Pendiente,T4,EXC-T4-0005,MAYO,./0.png
"54","55",T3_13428,3845548.69,1045533.739,Cimiento con núcleo,N/A,7011+485,Monumento principal,Sin monumento superior,Ceros tren,Si,No Aplica,2022/04/19,2022/04/22,"419",30,1,2,"2",Intervenido,Excavado,"21023","2",Pendiente,T4,EXC-T4-0005,MAYO,./0.png
"55","56",T3_13431,3845692.896,1045364.838,Basamento,N/A,7011+712,Monumento principal,Sin monumento superior,Ceros tren,Si,No Aplica,2022/04/11,2022/04/28,"410",1156,0,0,"0",Intervenido,Excavado,"21023","2",Pendiente,T4,EXC-T4-0005,,./0.png
"56","57",T3_13427,3845506.452,1045623.9,Chultún,N/A,7011+388,Monumento principal,Sin monumento superior,Ceros tren,Si,No Aplica,2022/04/11,2022/04/14,"408",8,1,4,"1",Intervenido,Excavado,"21023","2",Pendiente,T4,EXC-T4-0005,MAYO,./0.png
"57","58",T3_12557,3845691.151,1045441.175,Basamento,N/A,7011+646,Monumento principal,Sin monumento superior,Ceros tren,Si,No Aplica,2022/05/06,2022/04/28,"402",64,24,48,"0",Intervenido,Excavado,"21023","2",Pendiente,T4,EXC-T4-0005,,./0.png
"58","59",T3_12550,3845447.889,1045672.604,Basamento,N/A,7011+312,Monumento principal,Sin monumento superior ,Ceros tren,Si,No Aplica,2022/04/11,2022/04/28,"407,408",376.2,55,220,"90",Intervenido,Excavado,"21023","2",Pendiente,T4,EXC-T4-0005,MAYO,./0.png
"59","60",T3_12558,3845778.66,1045314.277,Basamento,N/A,7011+800,Monumento principal,"T3_12559,T3_12560",Ceros tren,Si,No Aplica,,2022/04/29,"401",530,34,136,"58",Intervenido,Excavado,"21023","2",Pendiente,T4,EXC-T4-0005,,./0.png
"60","61",T3_12564,3845751.199,1045376.139,Basamento,N/A,7011+734,Monumento principal,Sin monumento superior,Ceros tren,Si,No Aplica,2022/04/12,2022/04/26,"406",286,26,98,"88",Intervenido,Excavado,"21023","2",Pendiente,T4,EXC-T4-0005,MAYO,./0.png
"61","62",T4_16059,3845496.747,1045641.045,Cimiento,N/A,7011+369,Monumento principal,Sin monumento superior,Ceros tren,Si,No Aplica,2022/04/11,2022/04/14,"408",24,1,4,"1",Intervenido,Excavado,"21023","2",Pendiente,T4,EXC-T4-0005,MAYO,./0.png
"62","63",T4_15061,3845488.545,1045632.975,Afloramiento acondicionado,N/A,7011+369,Monumento principal,Sin monumento superior,Ceros tren,Si,No Aplica,2022/04/11,2022/04/14,"408",48,0,0,"0",Intervenido,Registrado sin excavar,"21023","2",Pendiente,T4,EXC-T4-0005,MAYO,./0.png
"63","64",T4_16070,3845558.102,1045553.734,Cimiento,N/A,7011+476,Monumento principal,Sin monumento superior,Ceros tren,Si,No Aplica,,,"419",,,,,Intervenido,Excavado,"21023","2",Pendiente,T4,EXC-T4-0005,,./0.png
"64","65",T4_17026,3963288.927,1051437.861,Cimiento,N/A,7138+208,Monumento superior,Asocialdo al monumento principal T4_10412,Derecho de vía tren,No aplica,Si,2022/04/06,2022/04/26,"414",,,,,Intervenido,Excavado,"21023","2",Pendiente,T4,,,./0.png
"65","66",T4_17025,3963282.251,1051438.481,Cimiento,N/A,7138+202,Monumento superior,Asocialdo al monumento principal T4_10412,Derecho de vía tren,No aplica,Si,2022/04/06,2022/04/26,"414",,,,,Intervenido,Excavado,"21023","2",Pendiente,T4,,,./0.png
"66","67",T4_10414,3963300.898,1051446.03,Cimiento con núcleo,N/A,7138+223,Monumento superior,Asocialdo al monumento principal T4_10412,Derecho de vía tren,No aplica,Si,2022/04/06,2022/04/26,"414",,,,,Intervenido,Excavado,"21023","2",Pendiente,T4,,,./0.png
"67","68",T3_12544,3845078.259,1045978.954,Cimiento con núcleo,N/A,7010+829,Monumento principal,Sin monumento superior,Ceros tren,Si,No Aplica,2022/03/25,2022/03/27,"409",63.75,1,4,"1",Intervenido,Excavado,"21023","2",Pendiente,T4,EXC-T4-0005,MAYO,./0.png
"68","69",T3_13418,3845108.73,1045917.716,Cimiento con núcleo,N/A,7010+885,Monumento principal,Sin monumento superior,Ceros tren,Si,No Aplica,2022/03/29,2022/04/01,"409",99,1,4,"1",Intervenido,Excavado,"21023","2",Pendiente,T4,EXC-T4-0005,MAYO,./0.png
"70","71",T3_13426,3845401.745,1045696.081,Cimiento con núcleo,N/A,7011+260,Monumento principal,Sin monumento superior,Ceros tren,Si,No Aplica,2022/04/06,2022/04/11,"401",24,4,16,"6",Intervenido,Excavado,"21023","2",Pendiente,T4,EXC-T4-0005,MAYO,./0.png
"71","72",T3_13425,3845408.36,1045704.012,Cimiento con núcleo,N/A,7011+260,Monumento principal,"T4_16064,T4_1603,T4_21003, T4_21004",Ceros tren,Si,No Aplica,2022/04/06,2022/04/11,"401",60,1,4,"1",Intervenido,Excavado,"21023","2",Pendiente,T4,EXC-T4-0005,MAYO,./0.png
"72","73",T3_13420,3845172.273,1045902.696,Basamento,N/A,7010+949,Monumento principal,Sin monumento superior,Ceros tren,Si,No Aplica,2022/03/28,2022/03/31,"404",47,1,4,"0",Intervenido,Excavado,"21023","2",Pendiente,T4,EXC-T4-0005,MAYO,./0.png
"73","74",T3_12552,3845487.628,1045654.441,Cimiento con núcleo,N/A,7011+353,Monumento principal,Sin monumento superior,Ceros tren,Si,No Aplica,2022/04/11,2022/04/14,"408",80,5,20,"5",Intervenido,Excavado,"21023","2",Pendiente,T4,EXC-T4-0005,MAYO,./0.png
"74","75",T3_12548,3845195.427,1045887.523,Cimiento,N/A,7010+976,Monumento principal,Sin monumento superior,Ceros tren,Si,No Aplica,2022/04/01,2022/04/06,"404",11.696,1,4,"0",Intervenido,Excavado,"21023","2",Pendiente,T4,EXC-T4-0005,MAYO,./0.png
"75","76",T4_10412,3963291.938,1051440.149,Nivelación,N/A,7138+212,Monumento principal,"T4_17025,T4_17026,T4_10414,T4_10413",Derecho de vía tren,No aplica,Si,2022/04/06,2022/04/26,"414",380,38,152,"20",Intervenido,Excavado,"21023","2",Pendiente,T4,,,./0.png
"76","77",T4_10459,3845159.456,1045905.718,Cimiento con núcleo,N/A,7010+937,Monumento principal,Sin monumento superior,Ceros tren,Si,No Aplica,2022/03/28,2022/03/30,"404",32.175,1,4,"1",Intervenido,Excavado,"21023","2",Pendiente,T4,EXC-T4-0005,MAYO,./0.png
"77","78",T4_10458,3845476.948,1045644.894,Cimiento,N/A,7011+352,Monumento principal,Sin monumento superior,Ceros tren,Si,No Aplica,2022/04/04,2022/04/07,"408",60,5,7,"5",Intervenido,Excavado,"21023","2",Pendiente,T4,EXC-T4-0005,MAYO,./0.png
"78","79",T4_25003,4041048.892,1084205.975,Basamento,N/A,7224+100,Monumento principal,Sin monumento superior,Derecho de vía tren,No aplica,Si,2022/04/01,2022/04/04,"402",20,1,4,"1",Intervenido,Excavado,"21023","2",Pendiente,T4,,ABRIL,./0.png
"79","80",T4_23005,4040986.582,1084112.957,Cimiento,N/A,7223+996,Monumento principal,Sin monumento superior ,Derecho de vía tren,No aplica,Si,2022/04/04,,"402",20,1,4,"2",Intervenido,Excavado,"21023","2",Pendiente,T4,,,./0.png
"80","81",T4_10468,3843015.541,1046352.613,Cimiento con núcleo,N/A,7008+721,Monumento principal,Sin monumento superior,Ceros tren,Si,No Aplica,2022/03/28,2022/04/06,"410",48,9,36,"0",Intervenido,Excavado,"21023","2",Pendiente,T4,EXC-T4-0002,MAYO,./0.png
"81","82",T4_15059,3845353.247,1045751.191,Cimiento con núcleo,N/A,7011+187,Monumento principal,Sin monumento superior,Ceros tren,Si,No Aplica,2022/04/01,2022/04/04,"406",7.1,2,8,"3",Intervenido,Excavado,"21023","2",Pendiente,T4,EXC-T4-0005,MAYO,./0.png
"82","83",T3_13424,3845350.486,1045760.826,Cimiento con núcleo,N/A,7011+179,Monumento principal,Sin monumento superior,Ceros tren,Si,No Aplica,2022/04/04,2022/04/05,"406",9.24,1,4,"1",Intervenido,Excavado,"21023","2",Pendiente,T4,EXC-T4-0005,MAYO,./0.png
"83","84",T3_13423,3845352.891,1045766.349,Cimiento con núcleo,N/A,7011+177,Monumento principal,Sin monumento superior,Ceros tren,Si,No Aplica,2022/04/05,2022/04/07,"406",9.24,1,4,"3",Intervenido,Excavado,"21023","2",Pendiente,T4,EXC-T4-0005,MAYO,./0.png
"84","85",T4_16058,3845371.822,1045758.669,Cimiento con núcleo,N/A,7011+196,Monumento principal,Sin monumento superior,Ceros tren,Si,No Aplica,2022/04/07,2022/04/06,"406",30,1,4,"2",Intervenido,Registrado sin excavar,"21023","2",Pendiente,T4,EXC-T4-0005,MAYO,./0.png
"85","86",T4_16057,3845359.525,1045755.696,Cimiento con núcleo,N/A,7011+189,Monumento principal,Sin monumento superior,Ceros tren,Si,No Aplica,2022/04/04,2022/04/04,"406",24,2,8,"2",Intervenido,Excavado,"21023","2",Pendiente,T4,EXC-T4-0005,MAYO,./0.png
"86","87",T3_12543,3845075.297,1045967.416,Cimiento con núcleo,N/A,7010+832,Monumento principal,Sin monumento superior,Ceros tren,Si,No Aplica,2022/03/24,2022/04/04,"408",48,1,4,"1",Intervenido,Excavado,"21023","2",Pendiente,T4,EXC-T4-0005,MAYO,./0.png
"87","88",T3_12546,3845096.635,1045947.926,Basamento,N/A,7010+860,Monumento principal,Sin monumento superior,Ceros tren,Si,No Aplica,2022/03/25,2022/04/01,"401",780,17,119,"12",Intervenido,Excavado,"21023","2",Pendiente,T4,EXC-T4-0005,ABRIL,./0.png
"88","89",T3_13416,3845097.911,1045928.194,Basamento,N/A,7010+871,Monumento principal,Sin monumento superior,Ceros tren,Si,No Aplica,2022/03/22,2022/03/28,"408",168,2,8,"5",Intervenido,Excavado,"21023","2",Pendiente,T4,EXC-T4-0005,MAYO,./0.png
"89","90",T3_12532,3843874.272,1046226.912,Cimiento con núcleo,N/A,7009+590,Monumento principal,Sin monumento superior,Ceros tren,Si,No Aplica,2022/03/22,2022/03/24,"403",32,2,8,"2",Intervenido,Excavado,"21023","2",Pendiente,T4,EXC-T4-0002,ABRIL,./0.png
"90","91",T3_13422,3845149.83,1045890.137,Cimiento con núcleo,N/A,7010+937,Monumento principal,Sin monumento superior,Ceros tren,Si,No Aplica,2022/03/30,2022/04/06,"405",34,1,4,"2",Intervenido,Excavado,"21023","2",Pendiente,T4,EXC-T4-0005,ABRIL,./0.png
"91","92",T3_13421,3845158.489,1045890.892,Afloramiento acondicionado,N/A,7010+943,Monumento principal,Sin monumento superior,Ceros tren,Si,No Aplica,2022/03/31,2022/04/01,"405",27,0,27,"0",Intervenido,Registrado sin excavar,"21023","2",Pendiente,T4,EXC-T4-0005,ABRIL,./0.png
"92","93",T3_12549,3845170.827,1045883.795,Cimiento con núcleo,N/A,7010+958,Monumento principal,Sin monumento superior,Ceros tren,Si,No Aplica,2022/04/01,2022/04/06,"405",31,1,4,"0",Intervenido,Excavado,"21023","2",Pendiente,T4,EXC-T4-0005,ABRIL,./0.png
"93","94",T4_16061,3845077.635,1045949.655,Cimiento con núcleo,N/A,7010+842,Monumento principal,Sin monumento superior,Ceros tren,Si,No Aplica,2022/03/28,2022/04/04,"401",72,6,24,"6",Intervenido,Excavado,"21023","2",Pendiente,T4,EXC-T4-0005,ABRIL,./0.png
"94","95",T4_16053,3845074.118,1046007.196,Nivelación,N/A,7010+811,Monumento principal,Sin monumento superior,Ceros tren,Si,No Aplica,2022/03/22,2022/03/23,"408",96,1,2,"0",Intervenido,Excavado,"21023","2",Pendiente,T4,EXC-T4-0005,MAYO,./0.png
"95","96",T4_19004,3843874.652,1046236.828,Cimiento,N/A,7009+589,Monumento principal,Sin monumento superior,Ceros tren,Si,No Aplica,2022/03/22,2022/03/24,"403",24,1,4,"1",Intervenido,Excavado,"21023","2",Pendiente,T4,EXC-T4-0002,ABRIL,./0.png
"96","97",T4_19003,3843860.339,1046228.333,Afloramiento acondicionado,N/A,7009+576,Monumento principal,Sin monumento superior,Ceros tren,Si,No Aplica,2022/03/18,2022/03/23,"403",1344,2,8,"0",Intervenido,Excavado,"21023","2",Pendiente,T4,EXC-T4-0002,ABRIL,./0.png
"97","98",T4_23002,4041059.387,1084189.998,Basamento,N/A,7224+099,Monumento superior,Asociado a monumento principal T4_25002,Derecho de vía tren,No aplica,Si,2022/03/25,2022/04/01,"402,415,418",110,2,16,"7",Intervenido,Excavado,"21023","2",Pendiente,T4,,ABRIL,./0.png
"98","99",T4_23004,4041143.236,1084245.793,Basamento,N/A,7224+201,Monumento principal,Sin monumento superior,Derecho de vía tren,No aplica,Si,2022/04/01,2022/04/01,"415",50,1,4,"1",Intervenido,Excavado,"21023","2",Pendiente,T4,,ABRIL,./0.png
"99","100",T3_12537,3844626.769,1046129.67,Basamento,N/A,7010+352,Monumento principal,Sin monumento superior,Ceros tren,Si,No Aplica,2022/03/15,2022/03/18,"409",80,25,32,"5",Intervenido,Excavado,"21023","2",Pendiente,T4,EXC-T4-0002,ABRIL,./0.png
"100","101",T4_02012,3903012.583,1033071.011,Basamento,N/A,7074+384,Monumento superior,Asociado al monumento principal T4_01016,Derecho de vía tren,No aplica,Si,,2022/03/22,"402,406",12,0,12,,Intervenido,Registrado sin excavar,"21023","2",Pendiente,T4,EXC-T4-0003,,./0.png
"101","102",T3_13083,3844931.459,1046031.492,Terraza,N/A,7010+674,Monumento principal,Sin monumento superior,Ceros tren,Si,No Aplica,2022/03/18,2022/03/22,"401",36,0,0,"0",Intervenido,Registrado sin excavar,"21023","2",Pendiente,T4,EXC-T4-0005,ABRIL,./0.png
"102","103",T3_13085,3845075.722,1045955.729,Cimiento con núcleo,N/A,7010+838,Monumento principal,Sin monumento superior,Ceros tren,Si,No Aplica,2022/03/25,2022/03/28,"401",36,7,24,"5",Intervenido,Excavado,"21023","2",Pendiente,T4,EXC-T4-0005,ABRIL,./0.png
"103","104",T4_15057,3844915.978,1046025.135,Basamento,N/A,7010+662,Monumento principal,Sin monumento superior,Ceros tren,Si,No Aplica,2022/03/16,2022/03/24,"401",1015.808,12,48,"8",Intervenido,Excavado,"21023","2",Pendiente,T4,EXC-T4-0005,,./0.png
"104","105",T4_16055,3845063.829,1046011.287,Basamento,N/A,7010+802,Monumento principal,Sin monumento superior,Ceros tren,Si,No Aplica,2022/03/22,2022/03/25,"409",149.62,2,8,"3",Intervenido,Excavado,"21023","2",Pendiente,T4,EXC-T4-0005,MAYO,./0.png
"105","106",T4_16054,3845066.343,1046006.561,Cimiento,N/A,7010+805,Monumento principal,Sin monumento superior,Ceros tren,Si,No Aplica,2022/03/24,2022/03/25,"409",24,1,4,"0",Intervenido,Excavado,"21023","2",Pendiente,T4,EXC-T4-0005,MAYO,./0.png
"106","107",T4_25002,4041062.796,1084188.45,Basamento,N/A,7224+101,Monumento principal,T4_23002,Derecho de vía tren,No aplica,Si,2022/03/25,2022/04/04,"402,415,418",224,4,16,"11",Intervenido,Excavado,"21023","2",Pendiente,T4,,ABRIL,./0.png
"107","108",T3_12534,3844464.266,1046166.984,Cimiento con núcleo,N/A,7010+185,Monumento principal,Sin monumento superior,Ceros tren,Si,No Aplica,2022/03/14,2022/03/15,"406",12,2,6,"1",Intervenido,Excavado,"21023","2",Pendiente,T4,EXC-T4-0002,MAYO,./0.png
"108","109",T4_01011,3907779.677,1034531.955,Cimiento,133+980,N/A,Monumento principal,Sin monumento superior,Derecho de vía Autopista,No aplica,SI,,,"403",0,0,0,"0",Intervenido,Registrado sin excavar,"21023","2",Pendiente,T4,,MARZO,./0.png
"109","110",T3_12539,3844931.598,1046039.549,Cimiento compuesto,N/A,7010+671,Monumento principal,Sin monumento superior,Ceros tren,Si,No Aplica,2022/03/16,2022/03/18,"401",24,2,8,"4",Intervenido,Excavado,"21023","2",Pendiente,T4,EXC-T4-0005,ABRIL,./0.png
"110","111",T3_12541,3844901.233,1046033.253,Cimiento con núcleo,N/A,7010+645,Monumento principal,Sin monumento superior,Ceros tren,Si,No Aplica,2022/03/17,2022/03/22,"401",72,9,36,"2",Intervenido,Excavado,"21023","2",Pendiente,T4,EXC-T4-0005,ABRIL,./0.png
"111","112",T3_12540,3844904.453,1046038.885,Cimiento compuesto,N/A,7010+646,Monumento principal,Sin monumento superior,Ceros tren,Si,No Aplica,2022/03/17,2022/03/24,"401",72.21,7,28,"1",Intervenido,Excavado,"21023","2",Pendiente,T4,EXC-T4-0005,ABRIL,./0.png
"112","113",T3_13084,3844932.762,1046033.656,Cimiento con núcleo,N/A,7010+674,Monumento principal,Sin monumento superior,Ceros tren,Si,No Aplica,2022/03/16,2022/03/17,"401",56.58,1,4,"0",Intervenido,Excavado,"21023","2",Pendiente,T4,EXC-T4-0005,ABRIL,./0.png
"113","114",T3_13411,3844729.782,1046089.461,Montículo Chich,N/A,7010+463,Monumento principal,Sin monumento superior,Ceros tren,Si,No Aplica,2022/03/16,2022/03/17,"406",24,4,16,"0",Intervenido,Excavado,"21023","2",Pendiente,T4,EXC-T4-0002,ABRIL,./0.png
"114","115",T3_13413,3844777.934,1046086.946,Afloramiento acondicionado,N/A,7010+510,Monumento principal,Sin monumento superior,Ceros tren,Si,No Aplica,2022/03/16,2022/03/18,"406",10.5,4,16,"3",Intervenido,Excavado,"21023","2",Pendiente,T4,EXC-T4-0002,ABRIL,./0.png
"115","116",T4_04018,3903013.873,1033068.248,Cimiento con núcleo,N/A,7074+385,Monumento superior,Asociado al monumento principal T4_01016,Derecho de vía tren,No aplica,Si,2022/02/21,2022/03/22,"402,406",12.25,0,12.25,"5",Intervenido,Registrado sin excavar,"21023","2",Pendiente,T4,EXC-T4-0003,ABRIL,./0.png
"116","117",T4_05010,3907903.949,1034529.382,Nivelación,134+139,N/A,Monumento principal,Sin monumento superior,Derecho de vía Autopista,No aplica,SI,2022/02/18,2022/02/28,"404",780,1,4,"1",Intervenido,Excavado,"21023","2",Pendiente,T4,,MARZO,./0.png
"117","118",T4_16048,3907589.608,1034499.188,Terraza,133+786,N/A,Monumento principal,Sin monumento superior,Derecho de vía Autopista,No aplica,SI,2022/02/11,2022/02/16,"404",70,4,16,"4",Intervenido,Excavado,"21023","2",Pendiente,T4,,MARZO,./0.png
"118","119",T3_12538,3844619.841,1046111.114,Basamento,N/A,7010+349,Monumento superior,Asociado al monumento principal T3_13408,Ceros tren,Si,No Aplica,2022/03/09,2022/03/18,"409",40,2,20,"5",Intervenido,Excavado,"21023","2",Pendiente,T4,EXC-T4-0002,ABRIL,./0.png
"119","120",T3_12536,3844611.982,1046131.967,Afloramiento acondicionado,N/A,7010+337,Monumento principal,Sin monumento superior,Ceros tren,Si,No Aplica,2022/03/10,2022/03/17,"408",36,2,36,"1",Intervenido,Excavado,"21023","2",Pendiente,T4,EXC-T4-0002,ABRIL,./0.png
"120","121",T3_13409,3844626.174,1046111.846,Afloramiento acondicionado,N/A,7010+355,Monumento principal,Sin monumento superior,Ceros tren,Si,No Aplica,2022/03/10,2022/03/17,"408",12,0,0,"0",Intervenido,Registrado sin excavar,"21023","2",Pendiente,T4,EXC-T4-0002,ABRIL,./0.png
"121","122",T3_13410,3844655.38,1046111.205,Cimiento,N/A,7010+384,Monumento principal,Sin monumento superior,Ceros tren,Si,No Aplica,2022/03/11,2022/03/15,"402",12,9,17,"0",Intervenido,Excavado,"21023","2",Pendiente,T4,EXC-T4-0002,ABRIL,./0.png
"122","123",T3_13412,3844787.601,1046070.629,Basamento,N/A,7010+524,Monumento principal,Sin monumento superior,Ceros tren,Si,No Aplica,2022/03/16,2022/03/24,"402",10,13,10,"2",Intervenido,Excavado,"21023","2",Pendiente,T4,EXC-T4-0002,ABRIL,./0.png
"123","124",T3_13400,3843825.789,1046208.711,Cimiento con núcleo,N/A,7009+543,Monumento principal,Sin monumento superior,Ceros tren,Si,No Aplica,2022/03/08,2022/03/15,"403",24,1,4,"1",Intervenido,Excavado,"21023","2",Pendiente,T4,EXC-T4-0002,ABRIL,./0.png
"124","125",T3_13399,3843817.674,1046212.704,Cimiento con núcleo,N/A,7009+534,Monumento principal,Sin monumento superior,Ceros tren,Si,No Aplica,2022/03/08,2022/03/14,"403",22,3,12,"2",Intervenido,Excavado,"21023","2",Pendiente,T4,EXC-T4-0002,ABRIL,./0.png
"125","126",T3_12531,3843808.785,1046218.71,Montículo Chich,N/A,7009+525,Monumento principal,Sin monumento superior,Ceros tren,Si,No Aplica,2022/03/08,2022/03/14,"403",9.45,2,8,"3",Intervenido,Excavado,"21023","2",Pendiente,T4,EXC-T4-0002,ABRIL,./0.png
"126","127",T4_19002,3843834.871,1046214.768,Sascabera,N/A,7009+551,Monumento principal,Sin monumento superior,Ceros tren,Si,No Aplica,2022/03/14,2022/03/15,"403",24,6,24,"0",Intervenido,Excavado,"21023","2",Pendiente,T4,EXC-T4-0002,ABRIL,./0.png
"127","128",T3_13407,3844597.194,1046119.917,Cimiento,N/A,7010+325,Monumento superior,Asociado al monumento principal T3_13408,Ceros tren,Si,No Aplica,2022/03/09,2022/03/17,"408",120,1,120,"0",Intervenido,Excavado,"21023","2",Pendiente,T4,EXC-T4-0002,ABRIL,./0.png
"128","129",T3_13408,3844604.422,1046114.753,Cimiento con núcleo,N/A,7010+334,Monumento principal,"T3_12538,T3_13407,T3_13409",Ceros tren,Si,No Aplica,2022/03/09,2022/03/16,"408,409",16,0,0,"0",Intervenido,Excavado,"21023","2",Pendiente,T4,EXC-T4-0002,ABRIL,./0.png
"129","130",T3_12533,3844365.025,1046170.97,Cimiento con núcleo,N/A,7010+100,Monumento principal,Sin monumento superior,Ceros tren,Si,No Aplica,2022/03/11,2022/03/15,"401",20,1,4,"0",Intervenido,Excavado,"21023","2",Pendiente,T4,EXC-T4-0002,MARZO,./0.png
"130","131",T4_20002,3843246.175,1046289.831,Nivelación,N/A,7009+000,Monumento superior,Asociado al monumento principal T4_20001,Ceros tren,Si,No Aplica,2022/02/09,2022/03/10,"402",0,0,0,"0",Intervenido,Registrado sin excavar,"21023","2",Pendiente,T4,EXC-T4-0002,MARZO,./0.png
"131","132",T4_20001,3843244.307,1046281.146,Afloramiento acondicionado,N/A,7009+000,Monumento principal,T4_20002,Ceros tren,Si,No Aplica,2022/03/03,2022/03/10,"402",4,5,6,"5",Intervenido,Excavado,"21023","2",Pendiente,T4,EXC-T4-0002,MARZO,./0.png
"132","133",T3_13395,3842991.216,1046307.207,Basamento,N/A,7008+699,Monumento principal,"T3_12526,T3_12527",Ceros tren,Si,No Aplica,2022/03/09,2022/03/31,"406,407,410",2600,127,508,"243",Intervenido,Excavado,"21023","2",Pendiente,T4,EXC-T4-0002,MAYO,./0.png
"133","134",T3_12528,3842997.881,1046332.152,Cimiento compuesto,N/A,7008+704,Monumento principal,Sin monumento superior,Ceros tren,Si,No Aplica,2022/03/09,2022/03/31,"410",96,0,0,"0",Intervenido,Excavado,"21023","2",Pendiente,T4,EXC-T4-0002,MAYO,./0.png
"134","135",T3_12527,3842989.561,1046319.296,Cimiento compuesto,N/A,7008+696,Monumento superior,Asociado al monumento principal T3_13395,Ceros tren,Si,No Aplica,2022/03/14,2022/03/25,"407,410",8.75,0,0,"0",Intervenido,Excavado,"21023","2",Pendiente,T4,EXC-T4-0002,MAYO,./0.png
"135","136",T3_12526,3842982.789,1046316.289,Cimiento con núcleo,N/A,7008+690,Monumento superior,Asociado al monumento principal T3_13395,Ceros tren,Si,No Aplica,2022/03/14,2022/03/31,"410,407",14,0,0,"0",Intervenido,Excavado,"21023","2",Pendiente,T4,EXC-T4-0002,MAYO,./0.png
"136","137",T3_12529,3843246.031,1046269.901,Nivelación,N/A,7008+957,Monumento principal,Sin monumento superior,Ceros tren,Si,No Aplica,2022/02/03,2022/03/10,"401",432,20,400,"5",Intervenido,Excavado,"21023","2",Pendiente,T4,EXC-T4-0002,MARZO,./0.png
"137","138",T3_12530,3843304.913,1046276.321,Nivelación,N/A,7009+016,Monumento principal,Sin monumento superior,Ceros tren,Si,No Aplica,2022/03/07,2022/03/08,"406",332.5,5,20,"1",Intervenido,Excavado,"21023","2",Pendiente,T4,EXC-T4-0002,ABRIL,./0.png
"138","139",T3_13391,3842906.1,1046320.01,Basamento,N/A,7008+613,Monumento principal,Sin monumento superior,Ceros tren,Si,No Aplica,2022/03/01,2022/03/07,"409",350,4,16,"1",Intervenido,Excavado,"21023","2",Pendiente,T4,EXC-T4-0002,ABRIL,./0.png
"139","140",T3_13392,3842902.302,1046326.647,Basamento,N/A,7008+608,Monumento principal,Sin monumento superior,Ceros tren,Si,No Aplica,2022/03/01,2022/03/07,"408",350,2,8,"2",Intervenido,Excavado,"21023","2",Pendiente,T4,EXC-T4-0002,ABRIL,./0.png
"140","141",T3_13393,3842911.321,1046320.531,Cimiento,N/A,7008+618,Monumento principal,Sin monumento superior,Ceros tren,Si,No Aplica,2022/03/01,2022/03/07,"407",16,4,16,"5",Intervenido,Excavado,"21023","2",Pendiente,T4,EXC-T4-0002,ABRIL,./0.png
"141","142",T4_17038,3842987.871,1046280.572,Cimiento,N/A,7008+698,Monumento principal,Sin monumento superior,Ceros tren,Si,No Aplica,2022/02/03,2022/03/04,"403",130,3,12,"9",Intervenido,Excavado,"21023","2",Pendiente,T4,EXC-T4-0002,MARZO,./0.png
"142","143",T4_16050,3907895.446,1034522.52,Cimiento,134+126,N/A,Monumento superior,Asociado al monumento principal T4_03014,Derecho de vía Autopista,No aplica,SI,2022/02/22,2022/02/28,"404",10.85,7,28,"5",Intervenido,Excavado,"21023","2",Pendiente,T4,EXC-T4-0001,MARZO,./0.png
"143","144",T4_16051,3907912.599,1034546.544,Basamento,134+147,N/A,Monumento principal,Sin monumento superior,Derecho de vía Autopista,No aplica,SI,2022/02/23,2022/02/24,"402,404,405",30.6,1,4,"0",Intervenido,Excavado,"21023","2",Pendiente,T4,EXC-T4-0001,MARZO,./0.png
"144","145",T4_16052,3907893.2,1034528.559,Otro,134+125,N/A,Monumento superior,Asociado al monumento principal T4_03014,Derecho de vía Autopista,No aplica,SI,2022/02/22,2022/02/23,"405",4,2,8,"3",Intervenido,Excavado,"21023","2",Pendiente,T4,EXC-T4-0001,ABRIL,./0.png
"145","146",T4_04013,3907911.776,1034533.044,Cimiento,134+144,N/A,Monumento principal,Sin monumento superior,Derecho de vía Autopista,No aplica,SI,2022/02/22,2022/02/28,"404",10.85,7,28,"4",Intervenido,Excavado,"21023","2",Pendiente,T4,EXC-T4-0001,MARZO,./0.png
"146","147",T4_03024,3916956.385,1037367.73,Basamento,N/A,7089+060,Monumento principal,Sin monumento superior,Derecho de vía tren,No aplica,Si,2022/02/25,2022/02/28,"403",1364,1,8,"0",Intervenido,Excavado,"21023","2",Pendiente,T4,EXC-T4-0001,MARZO,./0.png
"147","148",T4_03014,3907899.509,1034531.751,Cimiento,134+132,N/A,Monumento principal,"T4_16052,T4_16050",Derecho de vía Autopista,No aplica,SI,2022/02/21,2022/02/25,"405",175,9,36,"8",Intervenido,Excavado,"21023","2",Pendiente,T4,EXC-T4-0001,MARZO,./0.png
"148","149",T4_01010,3907892.962,1034538.453,Cimiento,134+127,N/A,Monumento principal,Sin monumento superior,Derecho de vía Autopista,No aplica,SI,2022/02/25,2022/02/28,"405",6.44,0,0,"1",Intervenido,Registrado sin excavar,"21023","2",Pendiente,T4,EXC-T4-0001,MARZO,./0.png
"149","150",T3_13390,3842813.756,1046331.877,Afloramiento acondicionado,N/A,7008+519,Monumento principal,T3_13389,Ceros tren,Si,No Aplica,2022/02/24,2022/03/03,"406",0,4,0,"4",Intervenido,Excavado,"21023","2",Pendiente,T4,EXC-T4-0002,MARZO,./0.png
"150","151",T3_13389,3842816.945,1046328.821,Cimiento,N/A,7008+523,Monumento superior,Asociado a monumento principal T3_13390,Ceros tren,Si,No Aplica,2022/02/24,2022/03/03,"406",40.04,0,40.04,"9",Intervenido,Excavado,"21023","2",Pendiente,T4,EXC-T4-0002,MARZO,./0.png
"151","152",T4_01016,3903008.971,1033062.855,Basamento,N/A,7074+378,Monumento principal,"T4_02012,T4_04018",Derecho de vía tren,No aplica,Si,2022/02/07,2022/02/23,"402,406",168,0,168,"0",Intervenido,Registrado sin excavar,"21023","2",Pendiente,T4,EXC-T4-0001,FEBRERO,./0.png
"152","153",T4_03004,3907433.362,1034437.656,Cueva,133+654,N/A,Monumento principal,Sin monumento superior,Derecho de vía Autopista,No aplica,SI,2022/01/31,2022/01/31,"403",1.4,0,1.4,"0",Intervenido,Registrado sin excavar,"21023","2",Pendiente,T4,EXC-T4-0001,MARZO,./0.png
"153","154",T4_04007,3907397.132,1034455.98,Cimiento,133+622,N/A,Monumento principal,Sin monumento superior,Derecho de vía Autopista,No aplica,SI,2022/02/04,2022/02/08,"402",19.6,0,19.6,"0",Intervenido,Registrado sin excavar,"21023","2",Pendiente,T4,EXC-T4-0001,FEBRERO,./0.png
"154","155",T4_03017,3907393.063,1034440.013,Cimiento,133+615,N/A,Monumento superior,Asociado a monumento principal T4_04008,Derecho de vía Autopista,No aplica,SI,2022/02/04,2022/02/07,"402",7.5,0,7.5,"0",Intervenido,Excavado,"21023","2",Pendiente,T4,EXC-T4-0001,FEBRERO,./0.png
"155","156",T4_01013,3907400.489,1034438.986,Cimiento,133+622,N/A,Monumento superior,Asociado a monumento principal T4_04008,Derecho de vía Autopista,No aplica,SI,2022/02/09,2022/02/09,"402",5.4,0,5.4,"0",Intervenido,Registrado sin excavar,"21023","2",Pendiente,T4,EXC-T4-0001,FEBRERO,./0.png
"156","157",T4_05002,3907398.702,1034470.035,Cimiento,133+626,N/A,Monumento principal,Sin monumento superior,Derecho de vía Autopista,No aplica,SI,2022/02/07,2022/02/09,"402",48,0,48,"0",Intervenido,Registrado sin excavar,"21023","2",Pendiente,T4,EXC-T4-0001,FEBRERO,./0.png
"157","158",T4_05003,3907389.211,1034470.234,Cimiento,133+616,N/A,Monumento principal,Sin monumento superior,Derecho de vía Autopista,No aplica,SI,2022/02/07,2022/02/09,"402",9.2,0,9.2,"0",Intervenido,Registrado sin excavar,"21023","2",Pendiente,T4,EXC-T4-0001,FEBRERO,./0.png
"158","159",T4_02010,3907388.518,1034432.494,Cimiento,133+609,N/A,Monumento superior,Asociado a monumento principal T4_04008,Derecho de vía Autopista,No aplica,SI,2022/02/01,2022/02/10,"404",42,4,16,"3",Intervenido,Excavado,"21023","2",Pendiente,T4,EXC-T4-0001,FEBRERO,./0.png
"159","160",T4_03015,3907568.115,1034478.538,Cimiento con pretil,133+795,N/A,Monumento superior,Asociado a monumento principal T4_02008,Derecho de vía Autopista,No aplica,SI,2022/02/09,2022/02/15,"405",12,3,12,"4",Intervenido,Registrado sin excavar,"21023","2",Pendiente,T4,EXC-T4-0001,MARZO,./0.png
"160","161",T4_05011,3907573.343,1034496.61,Cimiento,133+803,N/A,Monumento superior,Asociado a monumento principal T4_02008,Derecho de vía Autopista,No aplica,SI,2022/02/09,2022/02/14,"402",0,0,0,"5",Intervenido,Registrado sin excavar,"21023","2",Pendiente,T4,EXC-T4-0001,MARZO,./0.png
"161","162",T4_04010,3907818.141,1034418.748,Cimiento,N/A,7079+411,Monumento superior,Asociado a monumento principal T4_03005,Derecho de vía tren,No aplica,Si,2022/01/26,2022/01/31,"405",0,0,0,"0",Intervenido,Registrado sin excavar,"21023","2",Pendiente,T4,EXC-T4-0001,FEBRERO,./0.png
"162","163",T4_04037,3904015.867,1033407,Cimiento,130+064,N/A,Monumento superior,Asociado a monumento principal T4_01040,Derecho de vía Autopista,No aplica,SI,2022/01/21,2022/01/26,"405",4.01,0,4.01,"0",Intervenido,Registrado sin excavar,"21023","2",Pendiente,T4,EXC-T4-0001,FEBRERO,./0.png
"163","164",T4_03011,3907535.28,1034352.341,Haltun,N/A,7079+119,Monumento principal,Sin monumento superior,Derecho de vía tren,No aplica,Si,2022/01/26,2022/01/27,"401",0,0,0,"0",Intervenido,Excavado,"21023","2",Pendiente,T4,EXC-T4-0001,FEBRERO,./0.png
"164","165",T4_05024,3904043.652,1033395.133,Cimiento con pretil,130+088,N/A,Monumento superior,Asociado al monumento principal T4_01040,Derecho de vía Autopista,No aplica,SI,2022/01/21,2022/01/28,"405",7,0,0,"0",Intervenido,Excavado,"21023","2",Pendiente,T4,EXC-T4-0001,FEBRERO,./0.png
"165","166",T4_01009,3907549.251,1034358.539,Basamento,N/A,7079+134,Monumento principal,Sin monumento superior,Derecho de vía tren,No aplica,Si,,2022/01/27,"401",36,0,36,,Intervenido,Excavado,"21023","2",Pendiente,T4,EXC-T4-0001,,./0.png
"166","167",T4_01008,3907545.587,1034352.375,Cimiento,N/A,7079+130,Monumento principal,Sin monumento superior,Derecho de vía tren,No aplica,Si,,2022/01/27,"401",40,1,4,"0",Intervenido,Excavado,"21023","2",Pendiente,T4,EXC-T4-0001,,./0.png
"167","168",T4_05008,3907518.712,1034347.226,Cimiento con pretil,N/A,7079+102,Monumento principal,Sin monumento superior,Derecho de vía tren,No aplica,Si,,2022/01/27,"401",20,1,4,,Intervenido,Excavado,"21023","2",Pendiente,T4,EXC-T4-0001,,./0.png
"168","169",T4_04038,3904053.045,1033400.139,Cimiento con núcleo,130+098,N/A,Monumento principal,Sin monumento superior,Derecho de vía Autopista,No aplica,SI,2022/01/21,2022/01/26,"405",14,0,0,"0",Intervenido,Registrado sin excavar,"21023","2",Pendiente,T4,EXC-T4-0001,FEBRERO,./0.png
"169","170",T4_14196,3934177.257,1039746.264,Cuarto,N/A,7106+684,Monumento principal,Sin monumento superior,Derecho de vía tren,No aplica,Si,2022/01/14,2022/01/20,"404",6.66,4,20,"18",Intervenido,Excavado,"21023","2",Pendiente,T4,EXC-T4-0001,FEBRERO,./0.png
"170","171",T4_01040,3904028.507,1033393.524,Basamento,130+073,N/A,Monumento principal,"T4_05024,T4_04037",Derecho de vía Autopista,No aplica,SI,2022/01/21,2022/01/28,"405",940,0,940,"1",Intervenido,Registrado sin excavar,"21023","2",Pendiente,T4,EXC-T4-0001,FEBRERO,./0.png
"171","172",T4_03003,3908422.09,1034540.261,Chultún,N/A,7080+029,Monumento principal,Sin monumento superior,Derecho de vía tren,No aplica,Si,2022/01/18,2022/01/18,"403",2.3,2,8,"3",Intervenido,Excavado,"21023","2",Pendiente,T4,EXC-T4-0001,FEBRERO,./0.png
"172","173",T4_04008,3907415.875,1034437.317,Nivelación,133+637,N/A,Monumento principal,"T4_02010,T4_01013,T4_03017",Derecho de vía Autopista,No aplica,SI,2022/02/01,2022/01/31,"404",79.5,7,28,"9",Intervenido,Registrado sin excavar,"21023","2",Pendiente,T4,EXC-T4-0001,FEBRERO,./0.png
"173","174",T4_04016,3907362.599,1034419.12,Cimiento,133+581,N/A,Monumento principal,Sin monumento superior,Derecho de vía Autopista,No aplica,SI,2022/02/01,2022/02/07,"405",16,1,4,"1",Intervenido,Excavado,"21023","2",Pendiente,T4,EXC-T4-0001,FEBRERO,./0.png
"174","175",T4_03019,3903918.317,1033297.593,Afloramiento acondicionado,N/A,7075+321,Monumento principal,Sin monumento superior,Derecho de vía tren,No aplica,Si,2022/01/22,2022/01/24,"401",66.6,5,20,"1",Intervenido,Excavado,"21023","2",Pendiente,T4,EXC-T4-0001,FEBRERO,./0.png
"175","176",T4_03005,3907821.354,1034417.905,Basamento,N/A,7079+414,Monumento principal,T4_04010,Derecho de vía tren,No aplica,Si,2022/01/26,2022/01/31,"405",360,2,8,"2",Intervenido,Excavado,"21023","2",Pendiente,T4,EXC-T4-0001,FEBRERO,./0.png
"176","177",T4_03084,3944036.264,1043438.755,Sascabera,171+891,N/A,Monumento principal,Sin monumento superior,Derecho de vía Autopista,No aplica,SI,2022/01/19,2022/01/19,"403",143,0,143,"0",Intervenido,Registrado sin excavar,"21023","2",Pendiente,T4,EXC-T4-0001,FEBRERO,./0.png
"177","178",T4_01002,3908048.959,1034458.251,Cimiento,N/A,7079+646,Monumento principal,Sin monumento superior,Derecho de vía tren,No aplica,Si,2022/01/27,2022/02/02,"403",23.46,5,20,"6",Intervenido,Excavado,"21023","2",Pendiente,T4,EXC-T4-0001,FEBRERO,./0.png
"178","179",T4_02044,3934171.049,1039820.177,Nivelación,N/A,7106+697,Monumento principal,Sin monumento superior,Derecho de vía tren,No aplica,Si,2022/01/12,2022/01/17,"403",360,10,50,"16",Intervenido,Excavado,"21023","2",Pendiente,T4,EXC-T4-0001,FEBRERO,./0.png
"179","180",T4_03083,3934172.017,1039759.95,Nivelación,N/A,7106+682,Monumento principal,T4_14196,Derecho de vía tren,No aplica,Si,2022/01/14,2022/01/20,"404",192,33,132,"62",Intervenido,Excavado,"21023","2",Pendiente,T4,EXC-T4-0001,FEBRERO,./0.png
"180","181",T4_03012,3907545.151,1034370.427,Nivelación,N/A,7079+132,Monumento principal,T4_01009,Derecho de vía tren,No aplica,Si,2022/01/26,2022/01/27,"401",870,1,4,"1",Intervenido,Excavado,"21023","2",Pendiente,T4,EXC-T4-0001,FEBRERO,./0.png
"181","182",T4_02008,3907571.429,1034480.654,Nivelación,133+798,N/A,Monumento principal,"T4_03015,T4_05011,T4_16049",Derecho de vía Autopista,No aplica,SI,2022/02/09,2022/02/16,"405,402",1305,20,80,"17",Intervenido,Excavado,"21023","2",Pendiente,T4,EXC-T4-0001,MARZO,./0.png
"182","183",T4_04014,3907601.341,1034483.479,Basamento,133+829,N/A,Monumento principal,T4_16047,Derecho de vía Autopista,No aplica,SI,2022/02/14,2022/02/17,"401",720,12,364,"12",Intervenido,Excavado,"21023","2",Pendiente,T4,EXC-T4-0001,MARZO,./0.png
"183","184",T4_16047,3907607.797,1034481.651,Terraza,133+835,N/A,Monumento superior,Asociado a monumento principal T4_04014,Derecho de vía Autopista,No aplica,SI,2022/02/14,2022/02/17,"406",140,2,8,"8",Intervenido,Excavado,"21023","2",Pendiente,T4,EXC-T4-0001,MARZO,./0.png
"184","185",T4_16049,3907582.3,1034490.232,Nivelación,133+811,N/A,Monumento superior,Asociado a monumento principal T4_02008,Derecho de vía Autopista,No aplica,SI,2022/02/09,2022/02/17,"402",0,0,0,"5",Intervenido,Excavado,"21023","2",Pendiente,T4,EXC-T4-0001,MARZO,./0.png
"185","186",T4_06001,3907230.884,1034381.042,Pozo,133+444,N/A,Monumento principal,Sin monumento superior,Derecho de vía Autopista,No aplica,SI,2022/03/02,2022/02/03,"403",0.8,0,0.8,"0",Intervenido,Registrado sin excavar,"21023","2",Pendiente,T4,EXC-T4-0001,MARZO,./0.png
"186","187",T4_05015,3921352.274,1038779.351,Basamento,N/A,7093+697,Monumento principal,Sin monumento superior,Derecho de vía tren,No aplica,Si,2022/02/22,2022/02/24,"401",1200,1,4,"2",Intervenido,Excavado,"21023","2",Pendiente,T4,EXC-T4-0001,MARZO,./0.png
"187","188",T3_12547,3845094.87,1045945.096,Cimiento,N/A,7010+860,Monumento superior,Asociado al monumento principal T3_12546,Ceros tren,Si,No Aplica,2022/03/28,2022/04/01,"401",0,0,0,"0",Intervenido,Excavado,"21023","2",Pendiente,T4,EXC-T4-0005,,./0.png
"188","189",T3_12559,3845784.421,1045313.83,Cimiento con núcleo,N/A,7011+803,Monumento superior,Asociado al monumeto principal T3_12558,Ceros tren,Si,No Aplica,,,,,,,,Intervenido,Excavado,"21023","2",Pendiente,T4,EXC-T4-0005,,./0.png
"189","190",T3_12560,3845767.099,1045318.288,Cueva,N/A,7011+790,Monumento superior,Asociado al monumento principal T3_12558,Ceros tren,Si,No Aplica,,,,,,,,Intervenido,Excavado,"21023","2",Pendiente,T4,EXC-T4-0005,,./0.png
"190","191",T4_10413,3963303.823,1051451.839,Haltun,N/A,7138+228,Monumento principal,Sin monumento superior,Derecho de vía tren,No aplica,Si,2022/04/06,2022/04/26,"414",,,,,Intervenido,Excavado,"21023","2",Pendiente,T4,,,./0.png
"191","192",T3_13433,3845680.291,1045373.624,Cimiento con núcleo,N/A,7011+697,Monumento principal,Sin monumento superior,Ceros tren,Si,No Aplica,2022/04/11,2022/04/28,,,,,,Intervenido,Excavado,"21023","2",Pendiente,T4,EXC-T4-0005,,./0.png
"192","193",T3_13432,3845683.849,1045381.228,Cimiento,N/A,7011+693,Monumento principal,Sin monumento superior,Ceros tren,Si,No Aplica,2022/04/11,2022/04/28,,,,,,Intervenido,Excavado,"21023","2",Pendiente,T4,EXC-T4-0005,,./0.png
